id,bucket
3,3
4,4
5,5
6,6
7,7
8,8
9,9
10,10
11,11
12,12
13,13
14,14
15,15
16,16
17,17
18,18
19,19
20,20
21,21
22,22
23,23
24,24
25,25
26,26
27,27
28,28
29,29
30,30
31,31
32,0
33,1
34,2
35,3
36,4
37,5
38,6
39,7
40,8
41,9
42,10
43,11
44,12
45,13
46,14
47,15
48,16
49,17
50,18
51,19
52,20
53,21
54,22
55,23
56,24
57,25
58,26
59,27
60,28
61,29
62,30
63,31
64,0
65,1
66,2
67,3
68,4
71,7
72,8
73,9
74,10
75,11
76,12
77,13
78,14
79,15
80,16
81,17
82,18
83,19
84,20
85,21
86,22
87,23
88,24
89,25
90,26
91,27
92,28
93,29
94,30
95,31
96,0
98,2
99,3
100,4
101,5
102,6
103,7
104,8
105,9
106,10
107,11
108,12
109,13
110,14
111,15
112,16
113,17
114,18
115,19
116,20
117,21
118,22
119,23
120,24
121,25
122,26
123,27
124,28
125,29
126,30
127,31
128,0
129,1
130,2
132,4
133,5
134,6
135,7
136,8
137,9
138,10
139,11
140,12
141,13
142,14
143,15
144,16
145,17
146,18
147,19
149,21
150,22
151,23
152,24
153,25
154,26
155,27
156,28
157,29
158,30
159,31
160,0
161,1
162,2
163,3
164,4
165,5
166,6
167,7
168,8
169,9
171,11
172,12
173,13
174,14
175,15
176,16
177,17
178,18
179,19
180,20
181,21
182,22
183,23
185,25
187,27
188,28
189,29
190,30
191,31
192,0
193,1
194,2
195,3
196,4
197,5
198,6
199,7
200,8
201,9
202,10
203,11
204,12
205,13
206,14
207,15
208,16
209,17
210,18
211,19
212,20
213,21
214,22
215,23
216,24
217,25
218,26
219,27
221,29
222,30
223,31
224,0
225,1
226,2
227,3
228,4
230,6
231,7
232,8
233,9
234,10
235,11
236,12
237,13
238,14
239,15
240,16
241,17
242,18
243,19
244,20
245,21
246,22
247,23
248,24
249,25
250,26
251,27
252,28
253,29
254,30
255,31
256,0
257,1
258,2
259,3
260,4
261,5
263,7
264,8
265,9
266,10
267,11
268,12
269,13
270,14
271,15
273,17
274,18
275,19
276,20
277,21
280,24
282,26
283,27
284,28
285,29
286,30
287,31
288,0
289,1
290,2
291,3
292,4
293,5
294,6
295,7
296,8
297,9
298,10
299,11
300,12
301,13
302,14
303,15
304,16
305,17
306,18
307,19
308,20
309,21
310,22
311,23
312,24
313,25
314,26
315,27
316,28
317,29
318,30
319,31
320,0
321,1
322,2
323,3
324,4
325,5
326,6
327,7
328,8
329,9
330,10
331,11
332,12
333,13
334,14
335,15
336,16
337,17
338,18
339,19
340,20
341,21
342,22
343,23
344,24
345,25
346,26
347,27
348,28
349,29
350,30
351,31
352,0
353,1
355,3
356,4
357,5
358,6
359,7
362,10
363,11
364,12
365,13
366,14
367,15
368,16
369,17
370,18
371,19
372,20
373,21
374,22
375,23
376,24
377,25
378,26
379,27
381,29
382,30
383,31
384,0
386,2
387,3
388,4
389,5
390,6
391,7
392,8
393,9
394,10
395,11
396,12
397,13
398,14
399,15
400,16
401,17
402,18
403,19
404,20
405,21
406,22
407,23
408,24
409,25
410,26
411,27
412,28
413,29
414,30
415,31
416,0
417,1
418,2
419,3
421,5
422,6
423,7
424,8
425,9
426,10
427,11
428,12
429,13
430,14
431,15
432,16
433,17
434,18
435,19
436,20
437,21
438,22
439,23
440,24
441,25
443,27
444,28
445,29
446,30
447,31
448,0
449,1
450,2
451,3
453,5
454,6
455,7
456,8
457,9
458,10
460,12
461,13
462,14
463,15
465,17
467,19
468,20
469,21
472,24
473,25
476,28
477,29
479,31
480,0
481,1
486,6
488,8
489,9
490,10
492,12
493,13
494,14
495,15
497,17
498,18
499,19
501,21
502,22
504,24
506,26
507,27
509,29
511,31
513,1
514,2
515,3
516,4
517,5
519,7
520,8
521,9
522,10
523,11
524,12
525,13
527,15
528,16
529,17
530,18
531,19
532,20
534,22
536,24
538,26
539,27
540,28
541,29
542,30
543,31
544,0
545,1
546,2
547,3
548,4
549,5
550,6
551,7
552,8
553,9
554,10
555,11
556,12
557,13
558,14
559,15
560,16
561,17
562,18
563,19
564,20
565,21
566,22
567,23
568,24
569,25
570,26
571,27
572,28
573,29
574,30
575,31
576,0
577,1
578,2
579,3
580,4
581,5
582,6
583,7
584,8
585,9
586,10
587,11
588,12
589,13
590,14
591,15
592,16
593,17
594,18
595,19
596,20
597,21
598,22
599,23
600,24
601,25
602,26
604,28
605,29
606,30
607,31
608,0
609,1
610,2
611,3
612,4
613,5
614,6
615,7
616,8
617,9
618,10
619,11
620,12
621,13
622,14
624,16
625,17
626,18
627,19
628,20
631,23
632,24
633,25
634,26
635,27
636,28
637,29
638,30
639,31
640,0
641,1
642,2
643,3
644,4
645,5
646,6
647,7
648,8
649,9
650,10
651,11
652,12
653,13
654,14
655,15
656,16
657,17
658,18
659,19
661,21
662,22
663,23
664,24
665,25
666,26
667,27
668,28
669,29
670,30
672,0
673,1
674,2
675,3
676,4
677,5
678,6
679,7
681,9
682,10
683,11
684,12
686,14
687,15
688,16
689,17
690,18
691,19
692,20
693,21
694,22
695,23
696,24
697,25
698,26
699,27
700,28
701,29
703,31
704,0
705,1
706,2
707,3
708,4
709,5
710,6
711,7
712,8
713,9
714,10
715,11
716,12
717,13
718,14
719,15
720,16
721,17
722,18
723,19
724,20
725,21
726,22
727,23
728,24
729,25
730,26
731,27
732,28
733,29
734,30
735,31
736,0
737,1
738,2
739,3
741,5
742,6
743,7
744,8
745,9
746,10
748,12
749,13
750,14
751,15
752,16
753,17
754,18
755,19
756,20
758,22
759,23
760,24
761,25
762,26
763,27
764,28
765,29
766,30
767,31
768,0
769,1
770,2
771,3
772,4
773,5
774,6
775,7
776,8
778,10
779,11
780,12
781,13
782,14
783,15
784,16
785,17
786,18
787,19
788,20
789,21
791,23
792,24
793,25
794,26
795,27
796,28
797,29
798,30
799,31
800,0
801,1
802,2
803,3
804,4
805,5
806,6
807,7
808,8
810,10
811,11
812,12
813,13
814,14
815,15
816,16
817,17
818,18
819,19
820,20
821,21
822,22
823,23
824,24
825,25
826,26
827,27
829,29
830,30
831,31
832,0
835,3
836,4
837,5
838,6
839,7
840,8
841,9
842,10
843,11
844,12
845,13
847,15
848,16
849,17
850,18
851,19
852,20
853,21
854,22
855,23
856,24
857,25
859,27
860,28
861,29
862,30
863,31
864,0
865,1
866,2
867,3
868,4
869,5
870,6
871,7
872,8
873,9
874,10
875,11
876,12
877,13
878,14
879,15
880,16
881,17
882,18
883,19
885,21
886,22
887,23
888,24
889,25
890,26
891,27
892,28
893,29
895,31
896,0
897,1
898,2
899,3
900,4
902,6
903,7
904,8
905,9
906,10
907,11
908,12
909,13
910,14
911,15
912,16
913,17
914,18
915,19
916,20
917,21
918,22
919,23
920,24
921,25
922,26
923,27
924,28
926,30
927,31
928,0
929,1
930,2
931,3
932,4
933,5
934,6
935,7
936,8
937,9
938,10
940,12
941,13
942,14
943,15
944,16
945,17
946,18
947,19
948,20
949,21
950,22
951,23
954,26
955,27
956,28
957,29
958,30
959,31
960,0
961,1
962,2
963,3
964,4
965,5
966,6
967,7
968,8
969,9
970,10
971,11
972,12
973,13
974,14
975,15
976,16
977,17
978,18
979,19
980,20
981,21
982,22
983,23
984,24
985,25
986,26
987,27
988,28
989,29
990,30
991,31
992,0
993,1
994,2
995,3
996,4
998,6
999,7
1000,8
1001,9
1002,10
1003,11
1004,12
1005,13
1006,14
1007,15
1008,16
1009,17
1010,18
1011,19
1012,20
1013,21
1014,22
1016,24
1017,25
1018,26
1019,27
1020,28
1021,29
1022,30
1023,31
1024,0
1025,1
1026,2
1027,3
1028,4
1029,5
1030,6
1031,7
1032,8
1033,9
1034,10
1035,11
1037,13
1038,14
1039,15
1040,16
1041,17
1042,18
1043,19
1044,20
1045,21
1046,22
1047,23
1048,24
1049,25
1050,26
1051,27
1052,28
1053,29
1055,31
1058,2
1059,3
1060,4
1061,5
1062,6
1063,7
1064,8
1065,9
1066,10
1067,11
1068,12
1070,14
1071,15
1072,16
1074,18
1075,19
1077,21
1078,22
1079,23
1080,24
1081,25
1082,26
1083,27
1084,28
1085,29
1086,30
1087,31
1088,0
1089,1
1090,2
1092,4
1093,5
1094,6
1095,7
1096,8
1097,9
1098,10
1099,11
1100,12
1101,13
1102,14
1103,15
1104,16
1105,17
1106,18
1107,19
1108,20
1109,21
1110,22
1111,23
1112,24
1113,25
1114,26
1115,27
1120,0
1123,3
1124,4
1125,5
1126,6
1127,7
1128,8
1129,9
1130,10
1131,11
1132,12
1133,13
1134,14
1135,15
1137,17
1138,18
1139,19
1140,20
1141,21
1142,22
1143,23
1144,24
1145,25
1146,26
1147,27
1148,28
1150,30
1151,31
1152,0
1154,2
1155,3
1156,4
1157,5
1158,6
1159,7
1160,8
1161,9
1164,12
1165,13
1166,14
1167,15
1168,16
1169,17
1170,18
1171,19
1172,20
1173,21
1174,22
1175,23
1176,24
1177,25
1178,26
1179,27
1180,28
1181,29
1182,30
1183,31
1184,0
1185,1
1186,2
1187,3
1188,4
1189,5
1190,6
1191,7
1192,8
1193,9
1194,10
1195,11
1196,12
1197,13
1198,14
1199,15
1200,16
1201,17
1202,18
1203,19
1204,20
1205,21
1206,22
1207,23
1208,24
1209,25
1210,26
1211,27
1212,28
1213,29
1214,30
1215,31
1216,0
1218,2
1219,3
1220,4
1221,5
1222,6
1223,7
1224,8
1225,9
1226,10
1227,11
1228,12
1229,13
1230,14
1231,15
1232,16
1233,17
1234,18
1235,19
1236,20
1237,21
1238,22
1239,23
1240,24
1241,25
1242,26
1243,27
1244,28
1245,29
1246,30
1247,31
1248,0
1250,2
1252,4
1253,5
1254,6
1255,7
1256,8
1257,9
1258,10
1259,11
1260,12
1261,13
1262,14
1264,16
1266,18
1267,19
1268,20
1269,21
1270,22
1271,23
1272,24
1273,25
1274,26
1275,27
1276,28
1277,29
1278,30
1279,31
1280,0
1281,1
1282,2
1284,4
1285,5
1286,6
1287,7
1290,10
1291,11
1292,12
1293,13
1294,14
1295,15
1296,16
1297,17
1298,18
1299,19
1300,20
1301,21
1302,22
1303,23
1304,24
1305,25
1306,26
1307,27
1308,28
1309,29
1310,30
1311,31
1312,0
1313,1
1314,2
1315,3
1316,4
1317,5
1318,6
1319,7
1320,8
1321,9
1322,10
1323,11
1324,12
1325,13
1326,14
1327,15
1328,16
1329,17
1330,18
1331,19
1332,20
1333,21
1334,22
1335,23
1336,24
1337,25
1338,26
1339,27
1340,28
1341,29
1342,30
1343,31
1344,0
1345,1
1346,2
1349,5
1350,6
1351,7
1352,8
1353,9
1354,10
1355,11
1356,12
1357,13
1358,14
1359,15
1360,16
1361,17
1362,18
1365,21
1366,22
1367,23
1368,24
1369,25
1370,26
1372,28
1373,29
1374,30
1375,31
1376,0
1377,1
1378,2
1379,3
1380,4
1381,5
1382,6
1383,7
1384,8
1385,9
1386,10
1387,11
1388,12
1389,13
1390,14
1391,15
1392,16
1393,17
1394,18
1395,19
1396,20
1397,21
1398,22
1399,23
1400,24
1401,25
1402,26
1403,27
1404,28
1405,29
1406,30
1407,31
1408,0
1409,1
1410,2
1411,3
1412,4
1413,5
1416,8
1418,10
1419,11
1420,12
1421,13
1422,14
1423,15
1424,16
1425,17
1426,18
1427,19
1428,20
1429,21
1430,22
1431,23
1432,24
1433,25
1434,26
1435,27
1436,28
1437,29
1438,30
1439,31
1440,0
1441,1
1442,2
1443,3
1444,4
1445,5
1446,6
1447,7
1448,8
1449,9
1450,10
1451,11
1452,12
1453,13
1454,14
1455,15
1456,16
1457,17
1458,18
1459,19
1460,20
1461,21
1462,22
1463,23
1464,24
1465,25
1466,26
1467,27
1468,28
1469,29
1470,30
1471,31
1472,0
1473,1
1474,2
1476,4
1478,6
1480,8
1481,9
1482,10
1483,11
1484,12
1485,13
1486,14
1487,15
1488,16
1489,17
1490,18
1492,20
1493,21
1494,22
1495,23
1496,24
1497,25
1498,26
1499,27
1500,28
1501,29
1502,30
1503,31
1504,0
1505,1
1506,2
1507,3
1509,5
1510,6
1511,7
1512,8
1513,9
1514,10
1515,11
1516,12
1517,13
1518,14
1519,15
1520,16
1521,17
1522,18
1523,19
1524,20
1525,21
1526,22
1527,23
1528,24
1529,25
1530,26
1531,27
1532,28
1533,29
1534,30
1535,31
1536,0
1537,1
1538,2
1539,3
1540,4
1541,5
1542,6
1543,7
1545,9
1546,10
1547,11
1548,12
1549,13
1550,14
1551,15
1552,16
1553,17
1554,18
1555,19
1556,20
1557,21
1558,22
1559,23
1560,24
1561,25
1563,27
1564,28
1565,29
1566,30
1568,0
1569,1
1570,2
1571,3
1572,4
1573,5
1574,6
1575,7
1576,8
1578,10
1579,11
1580,12
1581,13
1582,14
1583,15
1584,16
1585,17
1587,19
1588,20
1589,21
1590,22
1591,23
1592,24
1593,25
1594,26
1595,27
1596,28
1597,29
1599,31
1600,0
1601,1
1602,2
1603,3
1604,4
1605,5
1606,6
1607,7
1608,8
1609,9
1610,10
1611,11
1612,12
1613,13
1614,14
1615,15
1616,16
1617,17
1618,18
1619,19
1620,20
1621,21
1622,22
1623,23
1625,25
1626,26
1627,27
1628,28
1629,29
1630,30
1631,31
1632,0
1633,1
1634,2
1635,3
1636,4
1637,5
1638,6
1639,7
1641,9
1642,10
1643,11
1644,12
1645,13
1646,14
1647,15
1648,16
1649,17
1650,18
1651,19
1652,20
1653,21
1654,22
1655,23
1656,24
1657,25
1658,26
1659,27
1660,28
1661,29
1662,30
1663,31
1664,0
1665,1
1666,2
1667,3
1668,4
1669,5
1670,6
1671,7
1672,8
1674,10
1675,11
1676,12
1677,13
1678,14
1679,15
1680,16
1681,17
1682,18
1683,19
1684,20
1685,21
1686,22
1687,23
1688,24
1689,25
1690,26
1691,27
1692,28
1693,29
1694,30
1695,31
1696,0
1697,1
1698,2
1699,3
1700,4
1701,5
1703,7
1704,8
1705,9
1706,10
1707,11
1708,12
1709,13
1710,14
1711,15
1712,16
1713,17
1714,18
1715,19
1716,20
1717,21
1718,22
1719,23
1720,24
1721,25
1722,26
1723,27
1724,28
1725,29
1726,30
1728,0
1729,1
1730,2
1731,3
1732,4
1733,5
1734,6
1735,7
1736,8
1737,9
1738,10
1739,11
1740,12
1741,13
1742,14
1743,15
1744,16
1745,17
1746,18
1747,19
1748,20
1749,21
1751,23
1752,24
1753,25
1754,26
1755,27
1756,28
1757,29
1758,30
1759,31
1760,0
1761,1
1762,2
1763,3
1764,4
1765,5
1766,6
1767,7
1768,8
1769,9
1770,10
1771,11
1772,12
1773,13
1774,14
1775,15
1777,17
1778,18
1780,20
1781,21
1782,22
1783,23
1784,24
1785,25
1787,27
1788,28
1789,29
1790,30
1791,31
1792,0
1793,1
1794,2
1795,3
1796,4
1797,5
1798,6
1799,7
1800,8
1802,10
1803,11
1804,12
1805,13
1806,14
1807,15
1808,16
1809,17
1810,18
1811,19
1812,20
1813,21
1814,22
1816,24
1819,27
1820,28
1821,29
1822,30
1823,31
1825,1
1826,2
1827,3
1828,4
1829,5
1830,6
1831,7
1832,8
1833,9
1834,10
1835,11
1836,12
1837,13
1838,14
1839,15
1840,16
1841,17
1842,18
1844,20
1845,21
1846,22
1847,23
1848,24
1849,25
1852,28
1853,29
1855,31
1856,0
1857,1
1858,2
1859,3
1860,4
1861,5
1862,6
1863,7
1864,8
1865,9
1866,10
1867,11
1868,12
1869,13
1870,14
1871,15
1872,16
1873,17
1874,18
1875,19
1876,20
1879,23
1880,24
1881,25
1882,26
1883,27
1884,28
1885,29
1886,30
1887,31
1888,0
1889,1
1890,2
1891,3
1892,4
1893,5
1894,6
1895,7
1896,8
1897,9
1899,11
1900,12
1901,13
1902,14
1903,15
1905,17
1906,18
1907,19
1908,20
1909,21
1911,23
1912,24
1913,25
1914,26
1915,27
1916,28
1917,29
1918,30
1919,31
1920,0
1921,1
1922,2
1923,3
1924,4
1925,5
1926,6
1927,7
1928,8
1929,9
1930,10
1931,11
1932,12
1933,13
1934,14
1935,15
1937,17
1938,18
1939,19
1940,20
1941,21
1943,23
1944,24
1945,25
1946,26
1947,27
1948,28
1950,30
1951,31
1952,0
1953,1
1955,3
1956,4
1958,6
1959,7
1960,8
1961,9
1962,10
1963,11
1964,12
1965,13
1966,14
1967,15
1968,16
1969,17
1970,18
1971,19
1972,20
1973,21
1975,23
1976,24
1977,25
1978,26
1979,27
1980,28
1981,29
1982,30
1983,31
1984,0
1985,1
1986,2
1987,3
1988,4
1989,5
1990,6
1991,7
1992,8
1993,9
1994,10
1995,11
1996,12
1997,13
2000,16
2001,17
2002,18
2003,19
2004,20
2005,21
2007,23
2008,24
2009,25
2010,26
2011,27
2012,28
2013,29
2014,30
2015,31
2016,0
2017,1
2018,2
2019,3
2020,4
2021,5
2023,7
2024,8
2025,9
2026,10
2027,11
2028,12
2029,13
2030,14
2031,15
2032,16
2033,17
2034,18
2035,19
2036,20
2037,21
2038,22
2040,24
2041,25
2042,26
2044,28
2045,29
2047,31
2049,1
2050,2
2051,3
2052,4
2053,5
2054,6
2055,7
2056,8
2057,9
2058,10
2059,11
2060,12
2061,13
2062,14
2063,15
2064,16
2065,17
2066,18
2067,19
2068,20
2069,21
2070,22
2071,23
2072,24
2073,25
2076,28
2077,29
2079,31
2081,1
2082,2
2083,3
2084,4
2085,5
2086,6
2087,7
2088,8
2089,9
2090,10
2091,11
2092,12
2093,13
2094,14
2095,15
2096,16
2097,17
2099,19
2100,20
2101,21
2102,22
2103,23
2104,24
2105,25
2106,26
2108,28
2109,29
2110,30
2111,31
2112,0
2113,1
2114,2
2115,3
2116,4
2117,5
2118,6
2119,7
2120,8
2121,9
2125,13
2126,14
2127,15
2128,16
2129,17
2130,18
2131,19
2132,20
2133,21
2134,22
2135,23
2136,24
2137,25
2138,26
2139,27
2141,29
2142,30
2143,31
2144,0
2145,1
2146,2
2147,3
2148,4
2149,5
2150,6
2151,7
2152,8
2153,9
2155,11
2156,12
2157,13
2159,15
2160,16
2161,17
2163,19
2164,20
2165,21
2167,23
2168,24
2169,25
2170,26
2171,27
2172,28
2173,29
2174,30
2175,31
2176,0
2177,1
2178,2
2179,3
2180,4
2181,5
2182,6
2183,7
2184,8
2185,9
2186,10
2187,11
2188,12
2189,13
2190,14
2191,15
2192,16
2193,17
2194,18
2195,19
2196,20
2197,21
2198,22
2199,23
2200,24
2201,25
2202,26
2203,27
2204,28
2205,29
2206,30
2209,1
2210,2
2211,3
2212,4
2213,5
2214,6
2215,7
2216,8
2217,9
2218,10
2219,11
2221,13
2222,14
2223,15
2224,16
2225,17
2226,18
2227,19
2228,20
2229,21
2230,22
2231,23
2232,24
2233,25
2234,26
2235,27
2236,28
2237,29
2238,30
2239,31
2240,0
2241,1
2242,2
2243,3
2244,4
2246,6
2247,7
2249,9
2250,10
2251,11
2252,12
2253,13
2254,14
2255,15
2256,16
2257,17
2258,18
2259,19
2260,20
2261,21
2262,22
2264,24
2265,25
2266,26
2267,27
2268,28
2269,29
2270,30
2272,0
2273,1
2274,2
2276,4
2277,5
2278,6
2280,8
2281,9
2282,10
2283,11
2285,13
2286,14
2287,15
2288,16
2289,17
2290,18
2291,19
2292,20
2293,21
2294,22
2295,23
2296,24
2297,25
2298,26
2299,27
2300,28
2301,29
2302,30
2304,0
2305,1
2306,2
2307,3
2308,4
2309,5
2310,6
2311,7
2312,8
2313,9
2314,10
2315,11
2316,12
2317,13
2318,14
2319,15
2320,16
2321,17
2322,18
2323,19
2324,20
2325,21
2326,22
2328,24
2329,25
2330,26
2331,27
2332,28
2333,29
2334,30
2335,31
2336,0
2337,1
2338,2
2339,3
2340,4
2341,5
2342,6
2343,7
2344,8
2345,9
2346,10
2348,12
2349,13
2350,14
2351,15
2352,16
2353,17
2354,18
2355,19
2356,20
2357,21
2359,23
2360,24
2361,25
2362,26
2363,27
2364,28
2365,29
2366,30
2367,31
2368,0
2369,1
2370,2
2371,3
2372,4
2373,5
2374,6
2375,7
2376,8
2378,10
2379,11
2380,12
2381,13
2382,14
2384,16
2385,17
2386,18
2387,19
2388,20
2389,21
2390,22
2391,23
2392,24
2393,25
2394,26
2395,27
2396,28
2397,29
2398,30
2399,31
2400,0
2401,1
2402,2
2403,3
2404,4
2405,5
2406,6
2407,7
2409,9
2410,10
2411,11
2412,12
2413,13
2414,14
2415,15
2416,16
2417,17
2418,18
2419,19
2420,20
2422,22
2423,23
2424,24
2425,25
2426,26
2427,27
2428,28
2429,29
2433,1
2434,2
2435,3
2437,5
2438,6
2439,7
2440,8
2441,9
2442,10
2443,11
2444,12
2445,13
2446,14
2447,15
2448,16
2449,17
2450,18
2451,19
2452,20
2453,21
2454,22
2455,23
2456,24
2457,25
2458,26
2459,27
2460,28
2461,29
2462,30
2463,31
2464,0
2465,1
2466,2
2467,3
2469,5
2470,6
2471,7
2472,8
2473,9
2474,10
2475,11
2476,12
2477,13
2478,14
2479,15
2480,16
2481,17
2482,18
2484,20
2485,21
2487,23
2488,24
2489,25
2490,26
2491,27
2492,28
2493,29
2494,30
2495,31
2496,0
2497,1
2498,2
2499,3
2500,4
2501,5
2502,6
2503,7
2504,8
2505,9
2506,10
2507,11
2508,12
2509,13
2510,14
2511,15
2512,16
2513,17
2514,18
2515,19
2516,20
2517,21
2518,22
2519,23
2520,24
2521,25
2522,26
2523,27
2524,28
2526,30
2527,31
2528,0
2529,1
2530,2
2531,3
2534,6
2535,7
2536,8
2537,9
2538,10
2540,12
2541,13
2542,14
2543,15
2544,16
2545,17
2546,18
2547,19
2548,20
2549,21
2550,22
2551,23
2552,24
2555,27
2556,28
2557,29
2558,30
2559,31
2560,0
2561,1
2562,2
2563,3
2564,4
2565,5
2566,6
2567,7
2568,8
2569,9
2570,10
2571,11
2572,12
2573,13
2574,14
2575,15
2576,16
2577,17
2578,18
2579,19
2580,20
2581,21
2582,22
2583,23
2584,24
2585,25
2586,26
2587,27
2589,29
2591,31
2592,0
2593,1
2594,2
2595,3
2596,4
2597,5
2598,6
2599,7
2603,11
2604,12
2605,13
2606,14
2607,15
2608,16
2609,17
2610,18
2611,19
2612,20
2613,21
2614,22
2615,23
2616,24
2617,25
2618,26
2619,27
2620,28
2621,29
2623,31
2624,0
2625,1
2626,2
2627,3
2628,4
2629,5
2630,6
2631,7
2632,8
2633,9
2634,10
2635,11
2636,12
2637,13
2638,14
2639,15
2640,16
2641,17
2642,18
2643,19
2644,20
2645,21
2646,22
2647,23
2648,24
2649,25
2650,26
2651,27
2652,28
2653,29
2654,30
2655,31
2656,0
2657,1
2658,2
2659,3
2660,4
2661,5
2662,6
2663,7
2664,8
2665,9
2667,11
2668,12
2669,13
2670,14
2671,15
2672,16
2673,17
2674,18
2675,19
2676,20
2677,21
2678,22
2679,23
2680,24
2682,26
2683,27
2684,28
2685,29
2686,30
2687,31
2688,0
2689,1
2690,2
2691,3
2692,4
2693,5
2694,6
2695,7
2696,8
2697,9
2698,10
2699,11
2700,12
2701,13
2702,14
2703,15
2704,16
2705,17
2706,18
2707,19
2708,20
2709,21
2711,23
2713,25
2715,27
2716,28
2717,29
2718,30
2719,31
2720,0
2721,1
2722,2
2723,3
2724,4
2725,5
2727,7
2728,8
2729,9
2730,10
2731,11
2733,13
2734,14
2736,16
2737,17
2738,18
2739,19
2740,20
2741,21
2744,24
2746,26
2747,27
2748,28
2749,29
2751,31
2752,0
2753,1
2754,2
2755,3
2757,5
2758,6
2759,7
2760,8
2761,9
2762,10
2763,11
2764,12
2765,13
2766,14
2767,15
2768,16
2769,17
2770,18
2771,19
2772,20
2773,21
2774,22
2775,23
2776,24
2777,25
2778,26
2779,27
2780,28
2781,29
2782,30
2783,31
2784,0
2785,1
2786,2
2787,3
2788,4
2789,5
2790,6
2791,7
2792,8
2793,9
2794,10
2796,12
2797,13
2798,14
2799,15
2801,17
2802,18
2803,19
2804,20
2805,21
2807,23
2808,24
2809,25
2811,27
2813,29
2814,30
2815,31
2817,1
2818,2
2819,3
2821,5
2822,6
2823,7
2824,8
2825,9
2826,10
2827,11
2828,12
2830,14
2831,15
2832,16
2833,17
2834,18
2835,19
2838,22
2839,23
2840,24
2841,25
2842,26
2843,27
2844,28
2845,29
2846,30
2847,31
2848,0
2849,1
2850,2
2851,3
2852,4
2853,5
2855,7
2856,8
2857,9
2858,10
2859,11
2860,12
2861,13
2862,14
2863,15
2864,16
2865,17
2866,18
2867,19
2868,20
2869,21
2870,22
2871,23
2872,24
2875,27
2876,28
2877,29
2879,31
2880,0
2881,1
2882,2
2883,3
2884,4
2885,5
2886,6
2887,7
2888,8
2889,9
2890,10
2891,11
2892,12
2893,13
2894,14
2895,15
2896,16
2898,18
2899,19
2900,20
2901,21
2902,22
2903,23
2904,24
2905,25
2906,26
2907,27
2908,28
2909,29
2910,30
2912,0
2913,1
2914,2
2916,4
2917,5
2918,6
2919,7
2921,9
2922,10
2923,11
2924,12
2925,13
2926,14
2928,16
2929,17
2930,18
2931,19
2932,20
2933,21
2935,23
2936,24
2938,26
2939,27
2940,28
2941,29
2944,0
2945,1
2946,2
2947,3
2948,4
2949,5
2950,6
2951,7
2952,8
2953,9
2954,10
2955,11
2956,12
2957,13
2958,14
2960,16
2961,17
2962,18
2963,19
2964,20
2965,21
2966,22
2967,23
2968,24
2969,25
2970,26
2971,27
2972,28
2973,29
2974,30
2975,31
2976,0
2977,1
2978,2
2979,3
2980,4
2981,5
2982,6
2983,7
2985,9
2986,10
2987,11
2988,12
2989,13
2990,14
2991,15
2992,16
2993,17
2994,18
2995,19
2996,20
2998,22
2999,23
3000,24
3001,25
3002,26
3003,27
3004,28
3005,29
3006,30
3007,31
3008,0
3009,1
3010,2
3011,3
3012,4
3013,5
3014,6
3015,7
3016,8
3017,9
3018,10
3019,11
3020,12
3021,13
3022,14
3023,15
3024,16
3025,17
3026,18
3027,19
3028,20
3029,21
3030,22
3031,23
3032,24
3033,25
3034,26
3035,27
3036,28
3037,29
3038,30
3039,31
3040,0
3041,1
3042,2
3043,3
3044,4
3046,6
3047,7
3048,8
3049,9
3050,10
3051,11
3052,12
3053,13
3054,14
3055,15
3056,16
3057,17
3059,19
3060,20
3061,21
3062,22
3063,23
3066,26
3068,28
3070,30
3071,31
3072,0
3073,1
3074,2
3075,3
3076,4
3077,5
3078,6
3080,8
3081,9
3082,10
3083,11
3084,12
3085,13
3086,14
3087,15
3088,16
3089,17
3090,18
3091,19
3092,20
3093,21
3094,22
3095,23
3096,24
3097,25
3098,26
3099,27
3101,29
3102,30
3103,31
3104,0
3105,1
3106,2
3107,3
3108,4
3109,5
3110,6
3111,7
3112,8
3113,9
3114,10
3115,11
3117,13
3118,14
3119,15
3120,16
3123,19
3124,20
3125,21
3126,22
3127,23
3128,24
3129,25
3130,26
3131,27
3132,28
3133,29
3134,30
3135,31
3136,0
3137,1
3138,2
3140,4
3142,6
3143,7
3144,8
3145,9
3146,10
3147,11
3148,12
3149,13
3150,14
3151,15
3152,16
3153,17
3154,18
3155,19
3156,20
3158,22
3159,23
3160,24
3162,26
3163,27
3164,28
3165,29
3166,30
3167,31
3168,0
3169,1
3171,3
3172,4
3173,5
3174,6
3175,7
3176,8
3180,12
3181,13
3182,14
3183,15
3184,16
3185,17
3186,18
3187,19
3188,20
3189,21
3190,22
3191,23
3192,24
3193,25
3194,26
3195,27
3196,28
3197,29
3198,30
3199,31
3200,0
3201,1
3202,2
3203,3
3204,4
3205,5
3206,6
3207,7
3208,8
3209,9
3210,10
3211,11
3212,12
3213,13
3214,14
3215,15
3216,16
3217,17
3218,18
3219,19
3220,20
3221,21
3222,22
3223,23
3224,24
3225,25
3226,26
3227,27
3228,28
3229,29
3230,30
3231,31
3232,0
3233,1
3234,2
3235,3
3237,5
3238,6
3239,7
3240,8
3241,9
3242,10
3243,11
3244,12
3245,13
3246,14
3247,15
3248,16
3249,17
3250,18
3251,19
3252,20
3253,21
3255,23
3256,24
3257,25
3258,26
3259,27
3260,28
3261,29
3262,30
3263,31
3264,0
3265,1
3266,2
3267,3
3268,4
3269,5
3270,6
3271,7
3272,8
3273,9
3274,10
3275,11
3276,12
3277,13
3278,14
3279,15
3280,16
3281,17
3282,18
3284,20
3285,21
3288,24
3290,26
3291,27
3292,28
3293,29
3294,30
3296,0
3297,1
3298,2
3299,3
3300,4
3301,5
3302,6
3303,7
3304,8
3305,9
3306,10
3307,11
3309,13
3310,14
3311,15
3312,16
3313,17
3314,18
3315,19
3316,20
3317,21
3318,22
3319,23
3320,24
3321,25
3322,26
3323,27
3324,28
3325,29
3326,30
3331,3
3332,4
3333,5
3334,6
3335,7
3338,10
3339,11
3340,12
3341,13
3342,14
3343,15
3344,16
3345,17
3346,18
3348,20
3349,21
3350,22
3351,23
3352,24
3353,25
3354,26
3355,27
3356,28
3357,29
3358,30
3359,31
3360,0
3361,1
3362,2
3363,3
3366,6
3367,7
3368,8
3369,9
3370,10
3371,11
3373,13
3374,14
3375,15
3376,16
3377,17
3378,18
3379,19
3380,20
3381,21
3382,22
3383,23
3384,24
3385,25
3386,26
3388,28
3389,29
3390,30
3391,31
3392,0
3393,1
3394,2
3395,3
3396,4
3397,5
3398,6
3399,7
3400,8
3401,9
3402,10
3403,11
3404,12
3405,13
3406,14
3407,15
3408,16
3409,17
3410,18
3411,19
3412,20
3416,24
3417,25
3418,26
3422,30
3423,31
3424,0
3425,1
3426,2
3427,3
3429,5
3433,9
3434,10
3435,11
3436,12
3437,13
3438,14
3439,15
3440,16
3441,17
3443,19
3444,20
3445,21
3446,22
3447,23
3448,24
3449,25
3450,26
3451,27
3452,28
3453,29
3454,30
3455,31
3456,0
3457,1
3458,2
3459,3
3460,4
3461,5
3462,6
3463,7
3464,8
3465,9
3466,10
3467,11
3468,12
3469,13
3470,14
3471,15
3472,16
3473,17
3475,19
3477,21
3478,22
3479,23
3480,24
3481,25
3482,26
3483,27
3486,30
3487,31
3488,0
3489,1
3490,2
3491,3
3492,4
3493,5
3494,6
3495,7
3496,8
3497,9
3498,10
3499,11
3500,12
3504,16
3506,18
3508,20
3509,21
3510,22
3511,23
3512,24
3513,25
3514,26
3515,27
3516,28
3518,30
3519,31
3520,0
3521,1
3522,2
3523,3
3524,4
3525,5
3526,6
3527,7
3528,8
3529,9
3530,10
3531,11
3532,12
3535,15
3536,16
3537,17
3538,18
3539,19
3540,20
3541,21
3542,22
3543,23
3544,24
3545,25
3547,27
3548,28
3549,29
3550,30
3551,31
3552,0
3553,1
3554,2
3555,3
3556,4
3557,5
3558,6
3560,8
3561,9
3562,10
3563,11
3564,12
3565,13
3566,14
3567,15
3568,16
3569,17
3571,19
3576,24
3577,25
3578,26
3579,27
3580,28
3581,29
3582,30
3583,31
3584,0
3585,1
3586,2
3587,3
3589,5
3590,6
3591,7
3592,8
3593,9
3594,10
3595,11
3596,12
3597,13
3598,14
3599,15
3600,16
3601,17
3602,18
3603,19
3604,20
3605,21
3606,22
3607,23
3609,25
3610,26
3611,27
3613,29
3614,30
3615,31
3616,0
3617,1
3618,2
3619,3
3620,4
3621,5
3622,6
3623,7
3624,8
3625,9
3628,12
3629,13
3630,14
3631,15
3632,16
3633,17
3634,18
3635,19
3636,20
3637,21
3638,22
3639,23
3640,24
3641,25
3642,26
3643,27
3645,29
3646,30
3647,31
3648,0
3649,1
3650,2
3651,3
3652,4
3653,5
3654,6
3655,7
3656,8
3657,9
3658,10
3659,11
3660,12
3661,13
3662,14
3663,15
3664,16
3665,17
3666,18
3667,19
3668,20
3669,21
3670,22
3671,23
3673,25
3674,26
3675,27
3676,28
3677,29
3678,30
3679,31
3680,0
3681,1
3682,2
3683,3
3684,4
3685,5
3686,6
3687,7
3688,8
3689,9
3690,10
3691,11
3692,12
3693,13
3694,14
3695,15
3696,16
3697,17
3698,18
3700,20
3701,21
3702,22
3703,23
3704,24
3705,25
3706,26
3707,27
3708,28
3709,29
3711,31
3712,0
3713,1
3714,2
3715,3
3717,5
3718,6
3719,7
3720,8
3722,10
3723,11
3724,12
3725,13
3726,14
3727,15
3728,16
3729,17
3730,18
3731,19
3733,21
3735,23
3737,25
3742,30
3743,31
3744,0
3745,1
3746,2
3747,3
3748,4
3749,5
3750,6
3751,7
3752,8
3753,9
3754,10
3755,11
3757,13
3758,14
3759,15
3760,16
3761,17
3762,18
3763,19
3764,20
3765,21
3766,22
3767,23
3769,25
3770,26
3771,27
3772,28
3774,30
3775,31
3776,0
3777,1
3779,3
3780,4
3781,5
3782,6
3783,7
3784,8
3785,9
3786,10
3787,11
3788,12
3791,15
3792,16
3794,18
3795,19
3796,20
3797,21
3798,22
3799,23
3800,24
3801,25
3802,26
3803,27
3804,28
3805,29
3806,30
3807,31
3808,0
3809,1
3810,2
3811,3
3812,4
3813,5
3814,6
3815,7
3816,8
3817,9
3819,11
3821,13
3822,14
3823,15
3824,16
3825,17
3827,19
3829,21
3830,22
3832,24
3833,25
3834,26
3835,27
3836,28
3837,29
3839,31
3840,0
3841,1
3842,2
3843,3
3844,4
3845,5
3847,7
3848,8
3849,9
3850,10
3851,11
3854,14
3855,15
3856,16
3858,18
3862,22
3863,23
3864,24
3865,25
3867,27
3869,29
3870,30
3871,31
3872,0
3873,1
3875,3
3876,4
3877,5
3878,6
3880,8
3881,9
3882,10
3883,11
3885,13
3886,14
3887,15
3888,16
3889,17
3890,18
3891,19
3892,20
3893,21
3894,22
3895,23
3896,24
3897,25
3898,26
3900,28
3901,29
3902,30
3903,31
3904,0
3905,1
3906,2
3907,3
3908,4
3909,5
3910,6
3911,7
3912,8
3914,10
3916,12
3917,13
3918,14
3919,15
3920,16
3921,17
3922,18
3923,19
3924,20
3925,21
3926,22
3927,23
3928,24
3929,25
3930,26
3931,27
3932,28
3933,29
3935,31
3936,0
3937,1
3939,3
3941,5
3942,6
3943,7
3944,8
3945,9
3946,10
3947,11
3948,12
3949,13
3952,16
3953,17
3954,18
3955,19
3956,20
3957,21
3958,22
3959,23
3960,24
3961,25
3962,26
3963,27
3964,28
3965,29
3966,30
3967,31
3968,0
3969,1
3970,2
3971,3
3973,5
3974,6
3976,8
3977,9
3978,10
3979,11
3980,12
3981,13
3982,14
3983,15
3984,16
3985,17
3986,18
3987,19
3989,21
3990,22
3991,23
3992,24
3995,27
3997,29
3998,30
3999,31
4000,0
4001,1
4005,5
4006,6
4007,7
4008,8
4009,9
4010,10
4011,11
4012,12
4013,13
4014,14
4015,15
4016,16
4019,19
4020,20
4021,21
4023,23
4024,24
4025,25
4026,26
4027,27
4028,28
4030,30
4031,31
4034,2
4035,3
4036,4
4037,5
4038,6
4039,7
4040,8
4041,9
4042,10
4043,11
4044,12
4045,13
4046,14
4047,15
4048,16
4049,17
4050,18
4051,19
4053,21
4055,23
4056,24
4057,25
4058,26
4059,27
4061,29
4062,30
4063,31
4064,0
4065,1
4066,2
4067,3
4068,4
4069,5
4070,6
4071,7
4072,8
4073,9
4074,10
4075,11
4076,12
4077,13
4078,14
4079,15
4080,16
4082,18
4083,19
4085,21
4086,22
4088,24
4089,25
4090,26
4091,27
4092,28
4093,29
4095,31
4096,0
4097,1
4098,2
4099,3
4100,4
4103,7
4104,8
4105,9
4106,10
4107,11
4108,12
4109,13
4110,14
4111,15
4116,20
4117,21
4119,23
4120,24
4121,25
4122,26
4123,27
4124,28
4125,29
4126,30
4127,31
4128,0
4129,1
4130,2
4131,3
4132,4
4133,5
4134,6
4135,7
4136,8
4137,9
4138,10
4139,11
4140,12
4141,13
4142,14
4143,15
4144,16
4145,17
4146,18
4147,19
4148,20
4149,21
4150,22
4151,23
4152,24
4153,25
4154,26
4155,27
4159,31
4162,2
4163,3
4164,4
4165,5
4166,6
4167,7
4168,8
4169,9
4170,10
4171,11
4173,13
4174,14
4175,15
4176,16
4177,17
4178,18
4179,19
4180,20
4181,21
4183,23
4184,24
4185,25
4186,26
4187,27
4188,28
4189,29
4190,30
4191,31
4192,0
4194,2
4195,3
4197,5
4198,6
4199,7
4200,8
4201,9
4202,10
4203,11
4204,12
4205,13
4206,14
4207,15
4208,16
4209,17
4210,18
4211,19
4212,20
4213,21
4214,22
4215,23
4216,24
4217,25
4218,26
4219,27
4220,28
4221,29
4222,30
4223,31
4224,0
4225,1
4228,4
4229,5
4231,7
4232,8
4233,9
4234,10
4235,11
4236,12
4237,13
4238,14
4240,16
4241,17
4242,18
4243,19
4244,20
4245,21
4246,22
4247,23
4248,24
4249,25
4250,26
4251,27
4252,28
4254,30
4255,31
4256,0
4257,1
4259,3
4260,4
4261,5
4263,7
4264,8
4265,9
4266,10
4267,11
4269,13
4272,16
4273,17
4274,18
4275,19
4276,20
4277,21
4278,22
4279,23
4280,24
4282,26
4283,27
4284,28
4285,29
4289,1
4290,2
4291,3
4292,4
4295,7
4296,8
4297,9
4298,10
4299,11
4303,15
4304,16
4305,17
4306,18
4307,19
4308,20
4310,22
4311,23
4312,24
4313,25
4314,26
4315,27
4316,28
4317,29
4318,30
4319,31
4320,0
4321,1
4322,2
4323,3
4324,4
4325,5
4326,6
4327,7
4328,8
4329,9
4331,11
4332,12
4333,13
4334,14
4335,15
4336,16
4337,17
4338,18
4340,20
4341,21
4342,22
4343,23
4344,24
4345,25
4346,26
4347,27
4348,28
4349,29
4351,31
4352,0
4353,1
4354,2
4355,3
4357,5
4358,6
4359,7
4360,8
4361,9
4362,10
4363,11
4364,12
4365,13
4366,14
4368,16
4369,17
4370,18
4371,19
4372,20
4373,21
4375,23
4377,25
4378,26
4379,27
4380,28
4381,29
4382,30
4383,31
4384,0
4385,1
4386,2
4389,5
4393,9
4394,10
4395,11
4396,12
4397,13
4398,14
4399,15
4400,16
4401,17
4402,18
4403,19
4404,20
4405,21
4406,22
4407,23
4408,24
4409,25
4411,27
4412,28
4413,29
4414,30
4415,31
4416,0
4417,1
4418,2
4422,6
4423,7
4424,8
4425,9
4426,10
4427,11
4428,12
4429,13
4430,14
4431,15
4432,16
4433,17
4434,18
4435,19
4436,20
4437,21
4438,22
4439,23
4440,24
4441,25
4442,26
4443,27
4444,28
4445,29
4446,30
4447,31
4448,0
4449,1
4450,2
4451,3
4452,4
4453,5
4454,6
4455,7
4456,8
4457,9
4458,10
4459,11
4460,12
4461,13
4462,14
4463,15
4464,16
4465,17
4466,18
4467,19
4468,20
4469,21
4470,22
4471,23
4473,25
4474,26
4475,27
4476,28
4477,29
4478,30
4479,31
4480,0
4481,1
4482,2
4483,3
4485,5
4486,6
4487,7
4488,8
4489,9
4490,10
4491,11
4492,12
4493,13
4494,14
4495,15
4496,16
4497,17
4498,18
4500,20
4502,22
4503,23
4504,24
4507,27
4508,28
4509,29
4510,30
4511,31
4516,4
4521,9
4523,11
4524,12
4526,14
4527,15
4528,16
4529,17
4530,18
4531,19
4532,20
4533,21
4534,22
4535,23
4536,24
4538,26
4539,27
4540,28
4541,29
4542,30
4543,31
4544,0
4545,1
4547,3
4550,6
4551,7
4552,8
4553,9
4554,10
4555,11
4556,12
4557,13
4558,14
4560,16
4561,17
4562,18
4563,19
4564,20
4565,21
4566,22
4567,23
4568,24
4569,25
4574,30
4575,31
4576,0
4577,1
4578,2
4580,4
4581,5
4582,6
4583,7
4584,8
4586,10
4587,11
4588,12
4591,15
4592,16
4593,17
4594,18
4595,19
4596,20
4597,21
4598,22
4599,23
4600,24
4601,25
4602,26
4603,27
4604,28
4605,29
4607,31
4608,0
4609,1
4611,3
4612,4
4613,5
4615,7
4616,8
4617,9
4618,10
4619,11
4620,12
4621,13
4622,14
4623,15
4624,16
4625,17
4626,18
4627,19
4629,21
4630,22
4631,23
4632,24
4633,25
4635,27
4636,28
4638,30
4639,31
4640,0
4641,1
4644,4
4645,5
4646,6
4647,7
4648,8
4649,9
4650,10
4651,11
4652,12
4653,13
4654,14
4655,15
4658,18
4659,19
4660,20
4661,21
4662,22
4663,23
4664,24
4665,25
4666,26
4667,27
4668,28
4669,29
4670,30
4671,31
4672,0
4673,1
4674,2
4675,3
4677,5
4678,6
4681,9
4682,10
4683,11
4684,12
4686,14
4687,15
4688,16
4689,17
4692,20
4693,21
4694,22
4695,23
4696,24
4697,25
4698,26
4699,27
4700,28
4701,29
4702,30
4703,31
4704,0
4705,1
4706,2
4707,3
4708,4
4709,5
4710,6
4711,7
4712,8
4713,9
4714,10
4715,11
4716,12
4717,13
4718,14
4719,15
4720,16
4721,17
4723,19
4725,21
4726,22
4727,23
4728,24
4733,29
4735,31
4736,0
4737,1
4738,2
4739,3
4740,4
4741,5
4742,6
4743,7
4744,8
4745,9
4746,10
4748,12
4749,13
4750,14
4751,15
4752,16
4753,17
4754,18
4755,19
4756,20
4757,21
4759,23
4760,24
4761,25
4762,26
4763,27
4764,28
4765,29
4766,30
4767,31
4771,3
4773,5
4774,6
4776,8
4777,9
4778,10
4779,11
4780,12
4781,13
4782,14
4783,15
4785,17
4786,18
4787,19
4788,20
4789,21
4790,22
4791,23
4792,24
4793,25
4794,26
4795,27
4796,28
4797,29
4798,30
4799,31
4800,0
4801,1
4803,3
4804,4
4805,5
4806,6
4807,7
4808,8
4809,9
4810,10
4811,11
4813,13
4814,14
4815,15
4816,16
4817,17
4818,18
4819,19
4820,20
4821,21
4822,22
4823,23
4824,24
4825,25
4826,26
4827,27
4828,28
4829,29
4830,30
4831,31
4832,0
4833,1
4834,2
4835,3
4836,4
4837,5
4838,6
4839,7
4840,8
4841,9
4842,10
4843,11
4844,12
4845,13
4846,14
4847,15
4848,16
4849,17
4850,18
4851,19
4852,20
4853,21
4854,22
4855,23
4856,24
4857,25
4858,26
4859,27
4860,28
4861,29
4862,30
4863,31
4864,0
4866,2
4867,3
4868,4
4869,5
4870,6
4871,7
4872,8
4873,9
4874,10
4875,11
4876,12
4879,15
4880,16
4881,17
4882,18
4883,19
4884,20
4885,21
4886,22
4887,23
4889,25
4890,26
4891,27
4893,29
4894,30
4896,0
4897,1
4898,2
4899,3
4900,4
4901,5
4903,7
4904,8
4905,9
4906,10
4908,12
4909,13
4910,14
4911,15
4912,16
4913,17
4914,18
4915,19
4916,20
4917,21
4918,22
4919,23
4920,24
4921,25
4922,26
4923,27
4924,28
4925,29
4926,30
4927,31
4929,1
4931,3
4932,4
4933,5
4934,6
4935,7
4936,8
4937,9
4938,10
4940,12
4942,14
4943,15
4944,16
4945,17
4946,18
4947,19
4948,20
4950,22
4951,23
4952,24
4953,25
4954,26
4957,29
4960,0
4962,2
4963,3
4964,4
4965,5
4966,6
4967,7
4969,9
4970,10
4971,11
4972,12
4973,13
4974,14
4975,15
4976,16
4977,17
4978,18
4979,19
4980,20
4981,21
4982,22
4983,23
4985,25
4986,26
4987,27
4988,28
4989,29
4991,31
4992,0
4993,1
4994,2
4995,3
4996,4
4999,7
5000,8
5001,9
5002,10
5003,11
5005,13
5006,14
5008,16
5009,17
5010,18
5011,19
5012,20
5013,21
5015,23
5016,24
5017,25
5018,26
5019,27
5020,28
5022,30
5024,0
5026,2
5028,4
5029,5
5031,7
5032,8
5033,9
5035,11
5036,12
5037,13
5038,14
5039,15
5040,16
5043,19
5044,20
5045,21
5046,22
5047,23
5048,24
5050,26
5051,27
5052,28
5053,29
5054,30
5055,31
5057,1
5058,2
5059,3
5060,4
5061,5
5062,6
5063,7
5064,8
5065,9
5067,11
5068,12
5069,13
5070,14
5071,15
5072,16
5073,17
5075,19
5077,21
5078,22
5079,23
5080,24
5081,25
5083,27
5084,28
5085,29
5086,30
5087,31
5088,0
5089,1
5090,2
5091,3
5092,4
5093,5
5095,7
5096,8
5097,9
5098,10
5099,11
5100,12
5102,14
5103,15
5104,16
5105,17
5106,18
5109,21
5110,22
5111,23
5112,24
5114,26
5115,27
5116,28
5117,29
5118,30
5119,31
5120,0
5121,1
5122,2
5123,3
5124,4
5125,5
5126,6
5127,7
5128,8
5129,9
5130,10
5132,12
5133,13
5135,15
5136,16
5138,18
5139,19
5140,20
5141,21
5142,22
5143,23
5144,24
5145,25
5146,26
5148,28
5150,30
5151,31
5152,0
5153,1
5154,2
5155,3
5158,6
5159,7
5160,8
5161,9
5162,10
5163,11
5164,12
5166,14
5167,15
5171,19
5172,20
5173,21
5174,22
5175,23
5176,24
5177,25
5178,26
5179,27
5180,28
5181,29
5182,30
5183,31
5184,0
5185,1
5186,2
5187,3
5188,4
5189,5
5190,6
5191,7
5192,8
5193,9
5194,10
5195,11
5196,12
5197,13
5198,14
5199,15
5200,16
5201,17
5202,18
5203,19
5204,20
5207,23
5208,24
5209,25
5210,26
5213,29
5214,30
5215,31
5216,0
5217,1
5218,2
5219,3
5220,4
5221,5
5222,6
5224,8
5225,9
5226,10
5227,11
5228,12
5229,13
5230,14
5231,15
5232,16
5233,17
5238,22
5239,23
5240,24
5241,25
5242,26
5243,27
5244,28
5245,29
5246,30
5247,31
5248,0
5249,1
5250,2
5251,3
5252,4
5253,5
5254,6
5255,7
5260,12
5261,13
5262,14
5263,15
5264,16
5265,17
5267,19
5269,21
5271,23
5273,25
5274,26
5275,27
5276,28
5277,29
5278,30
5280,0
5281,1
5282,2
5283,3
5284,4
5285,5
5286,6
5287,7
5288,8
5289,9
5290,10
5291,11
5294,14
5295,15
5296,16
5298,18
5299,19
5300,20
5301,21
5303,23
5305,25
5306,26
5308,28
5309,29
5310,30
5311,31
5312,0
5313,1
5314,2
5315,3
5316,4
5317,5
5320,8
5321,9
5322,10
5323,11
5324,12
5326,14
5327,15
5328,16
5329,17
5330,18
5332,20
5333,21
5334,22
5335,23
5336,24
5337,25
5339,27
5341,29
5342,30
5343,31
5344,0
5345,1
5346,2
5347,3
5348,4
5350,6
5351,7
5352,8
5353,9
5354,10
5355,11
5356,12
5357,13
5358,14
5360,16
5361,17
5362,18
5363,19
5364,20
5365,21
5366,22
5367,23
5368,24
5370,26
5371,27
5372,28
5373,29
5374,30
5375,31
5376,0
5377,1
5378,2
5380,4
5381,5
5382,6
5384,8
5385,9
5386,10
5387,11
5388,12
5390,14
5391,15
5392,16
5393,17
5395,19
5396,20
5397,21
5398,22
5399,23
5400,24
5401,25
5404,28
5405,29
5406,30
5410,2
5412,4
5413,5
5414,6
5415,7
5416,8
5417,9
5418,10
5419,11
5421,13
5422,14
5423,15
5424,16
5426,18
5427,19
5428,20
5429,21
5430,22
5431,23
5432,24
5434,26
5435,27
5436,28
5437,29
5438,30
5439,31
5440,0
5442,2
5445,5
5446,6
5447,7
5448,8
5449,9
5452,12
5454,14
5455,15
5456,16
5457,17
5459,19
5460,20
5461,21
5462,22
5463,23
5465,25
5466,26
5467,27
5468,28
5469,29
5470,30
5471,31
5472,0
5473,1
5474,2
5475,3
5476,4
5477,5
5478,6
5479,7
5480,8
5481,9
5482,10
5483,11
5484,12
5485,13
5486,14
5487,15
5488,16
5489,17
5490,18
5491,19
5494,22
5495,23
5496,24
5497,25
5499,27
5500,28
5501,29
5503,31
5504,0
5505,1
5506,2
5507,3
5508,4
5509,5
5510,6
5511,7
5512,8
5513,9
5514,10
5515,11
5516,12
5517,13
5518,14
5519,15
5520,16
5521,17
5522,18
5523,19
5524,20
5525,21
5526,22
5527,23
5528,24
5529,25
5530,26
5531,27
5532,28
5533,29
5534,30
5535,31
5536,0
5537,1
5539,3
5540,4
5541,5
5542,6
5543,7
5544,8
5545,9
5548,12
5549,13
5550,14
5551,15
5552,16
5553,17
5554,18
5555,19
5558,22
5559,23
5561,25
5562,26
5563,27
5564,28
5565,29
5566,30
5567,31
5568,0
5569,1
5570,2
5571,3
5572,4
5573,5
5576,8
5577,9
5578,10
5579,11
5580,12
5581,13
5582,14
5583,15
5584,16
5587,19
5588,20
5589,21
5590,22
5591,23
5592,24
5594,26
5595,27
5596,28
5598,30
5599,31
5600,0
5601,1
5602,2
5603,3
5604,4
5605,5
5606,6
5607,7
5608,8
5609,9
5610,10
5611,11
5612,12
5613,13
5614,14
5615,15
5616,16
5617,17
5620,20
5622,22
5623,23
5624,24
5625,25
5626,26
5627,27
5628,28
5629,29
5630,30
5631,31
5633,1
5635,3
5636,4
5637,5
5638,6
5639,7
5640,8
5643,11
5644,12
5645,13
5646,14
5647,15
5648,16
5649,17
5650,18
5651,19
5652,20
5653,21
5655,23
5656,24
5657,25
5658,26
5659,27
5660,28
5661,29
5662,30
5663,31
5664,0
5665,1
5666,2
5667,3
5668,4
5669,5
5670,6
5671,7
5673,9
5674,10
5675,11
5676,12
5678,14
5679,15
5680,16
5682,18
5683,19
5684,20
5685,21
5686,22
5687,23
5688,24
5689,25
5690,26
5691,27
5692,28
5693,29
5694,30
5695,31
5696,0
5697,1
5698,2
5702,6
5703,7
5704,8
5705,9
5706,10
5707,11
5708,12
5709,13
5710,14
5711,15
5712,16
5713,17
5714,18
5717,21
5718,22
5720,24
5721,25
5722,26
5726,30
5729,1
5730,2
5731,3
5732,4
5733,5
5735,7
5737,9
5738,10
5739,11
5740,12
5741,13
5743,15
5744,16
5745,17
5746,18
5747,19
5748,20
5749,21
5750,22
5751,23
5752,24
5753,25
5754,26
5755,27
5756,28
5757,29
5760,0
5761,1
5763,3
5764,4
5765,5
5766,6
5767,7
5768,8
5769,9
5770,10
5771,11
5772,12
5773,13
5774,14
5775,15
5776,16
5778,18
5780,20
5781,21
5782,22
5783,23
5784,24
5785,25
5786,26
5787,27
5788,28
5789,29
5790,30
5792,0
5793,1
5794,2
5796,4
5797,5
5798,6
5799,7
5800,8
5801,9
5802,10
5803,11
5804,12
5805,13
5806,14
5807,15
5808,16
5809,17
5810,18
5811,19
5812,20
5813,21
5814,22
5815,23
5816,24
5817,25
5818,26
5819,27
5820,28
5821,29
5822,30
5823,31
5824,0
5827,3
5828,4
5829,5
5830,6
5832,8
5833,9
5834,10
5835,11
5836,12
5837,13
5838,14
5839,15
5840,16
5841,17
5842,18
5844,20
5846,22
5848,24
5850,26
5852,28
5853,29
5854,30
5855,31
5856,0
5857,1
5859,3
5860,4
5861,5
5862,6
5863,7
5864,8
5866,10
5868,12
5871,15
5872,16
5873,17
5874,18
5875,19
5876,20
5877,21
5878,22
5880,24
5882,26
5883,27
5884,28
5885,29
5886,30
5887,31
5888,0
5889,1
5890,2
5891,3
5892,4
5895,7
5896,8
5897,9
5899,11
5902,14
5903,15
5907,19
5908,20
5909,21
5910,22
5911,23
5913,25
5914,26
5915,27
5916,28
5917,29
5919,31
5920,0
5921,1
5922,2
5923,3
5924,4
5925,5
5926,6
5927,7
5928,8
5930,10
5931,11
5932,12
5933,13
5934,14
5935,15
5936,16
5937,17
5938,18
5939,19
5940,20
5941,21
5942,22
5943,23
5944,24
5945,25
5946,26
5947,27
5949,29
5950,30
5952,0
5955,3
5956,4
5958,6
5959,7
5960,8
5961,9
5962,10
5963,11
5964,12
5965,13
5966,14
5967,15
5969,17
5970,18
5971,19
5972,20
5973,21
5977,25
5978,26
5980,28
5981,29
5982,30
5983,31
5984,0
5985,1
5986,2
5987,3
5988,4
5989,5
5990,6
5991,7
5992,8
5993,9
5994,10
5995,11
5997,13
5998,14
5999,15
6000,16
6001,17
6002,18
6003,19
6004,20
6005,21
6006,22
6007,23
6009,25
6010,26
6013,29
6014,30
6015,31
6016,0
6017,1
6018,2
6019,3
6020,4
6021,5
6022,6
6023,7
6024,8
6025,9
6026,10
6027,11
6028,12
6029,13
6030,14
6031,15
6032,16
6033,17
6034,18
6035,19
6036,20
6037,21
6038,22
6039,23
6041,25
6042,26
6043,27
6044,28
6045,29
6046,30
6047,31
6048,0
6049,1
6050,2
6051,3
6052,4
6053,5
6054,6
6055,7
6056,8
6057,9
6058,10
6059,11
6060,12
6061,13
6062,14
6063,15
6064,16
6066,18
6067,19
6068,20
6069,21
6070,22
6071,23
6072,24
6073,25
6074,26
6075,27
6077,29
6078,30
6079,31
6080,0
6081,1
6082,2
6083,3
6088,8
6089,9
6090,10
6091,11
6092,12
6093,13
6094,14
6096,16
6097,17
6098,18
6100,20
6101,21
6105,25
6106,26
6107,27
6108,28
6109,29
6110,30
6111,31
6112,0
6113,1
6114,2
6116,4
6118,6
6119,7
6120,8
6121,9
6123,11
6124,12
6126,14
6127,15
6128,16
6129,17
6130,18
6132,20
6133,21
6134,22
6135,23
6139,27
6141,29
6142,30
6143,31
6144,0
6145,1
6146,2
6147,3
6148,4
6149,5
6150,6
6151,7
6152,8
6153,9
6155,11
6156,12
6157,13
6158,14
6160,16
6161,17
6162,18
6164,20
6165,21
6166,22
6168,24
6169,25
6170,26
6174,30
6175,31
6176,0
6177,1
6178,2
6179,3
6180,4
6181,5
6182,6
6183,7
6184,8
6185,9
6186,10
6187,11
6188,12
6190,14
6191,15
6192,16
6193,17
6196,20
6197,21
6198,22
6199,23
6200,24
6201,25
6202,26
6203,27
6204,28
6205,29
6206,30
6207,31
6208,0
6212,4
6213,5
6214,6
6215,7
6216,8
6217,9
6218,10
6219,11
6220,12
6221,13
6222,14
6223,15
6224,16
6225,17
6226,18
6227,19
6228,20
6229,21
6230,22
6232,24
6235,27
6236,28
6239,31
6240,0
6241,1
6242,2
6243,3
6244,4
6245,5
6246,6
6247,7
6248,8
6251,11
6252,12
6253,13
6254,14
6255,15
6257,17
6258,18
6259,19
6261,21
6262,22
6263,23
6264,24
6265,25
6266,26
6267,27
6269,29
6270,30
6271,31
6272,0
6273,1
6274,2
6275,3
6276,4
6278,6
6279,7
6280,8
6281,9
6282,10
6286,14
6287,15
6288,16
6291,19
6292,20
6293,21
6294,22
6295,23
6296,24
6297,25
6298,26
6299,27
6301,29
6302,30
6304,0
6305,1
6306,2
6307,3
6311,7
6312,8
6313,9
6314,10
6315,11
6316,12
6317,13
6319,15
6320,16
6321,17
6323,19
6324,20
6325,21
6326,22
6327,23
6328,24
6330,26
6331,27
6332,28
6333,29
6334,30
6337,1
6339,3
6340,4
6344,8
6346,10
6347,11
6348,12
6349,13
6350,14
6351,15
6355,19
6356,20
6359,23
6360,24
6366,30
6367,31
6371,3
6374,6
6375,7
6376,8
6377,9
6378,10
6379,11
6380,12
6381,13
6383,15
6387,19
6388,20
6389,21
6391,23
6392,24
6393,25
6394,26
6395,27
6396,28
6397,29
6398,30
6399,31
6400,0
6406,6
6407,7
6408,8
6409,9
6410,10
6411,11
6412,12
6413,13
6414,14
6415,15
6416,16
6417,17
6421,21
6422,22
6423,23
6424,24
6426,26
6427,27
6428,28
6429,29
6430,30
6431,31
6432,0
6435,3
6436,4
6437,5
6439,7
6440,8
6441,9
6442,10
6443,11
6444,12
6445,13
6446,14
6447,15
6448,16
6450,18
6451,19
6452,20
6453,21
6454,22
6455,23
6456,24
6457,25
6458,26
6459,27
6460,28
6461,29
6462,30
6464,0
6466,2
6467,3
6468,4
6469,5
6470,6
6471,7
6472,8
6474,10
6475,11
6477,13
6478,14
6479,15
6480,16
6481,17
6483,19
6484,20
6485,21
6486,22
6487,23
6488,24
6489,25
6490,26
6491,27
6492,28
6493,29
6494,30
6495,31
6496,0
6497,1
6498,2
6500,4
6501,5
6502,6
6503,7
6504,8
6505,9
6506,10
6507,11
6508,12
6509,13
6510,14
6511,15
6513,17
6514,18
6515,19
6516,20
6517,21
6518,22
6519,23
6520,24
6521,25
6522,26
6523,27
6524,28
6525,29
6526,30
6527,31
6528,0
6529,1
6530,2
6532,4
6533,5
6534,6
6535,7
6536,8
6537,9
6538,10
6539,11
6541,13
6542,14
6543,15
6544,16
6545,17
6546,18
6547,19
6548,20
6550,22
6551,23
6552,24
6553,25
6554,26
6555,27
6560,0
6561,1
6563,3
6565,5
6566,6
6567,7
6568,8
6570,10
6571,11
6572,12
6573,13
6574,14
6575,15
6576,16
6577,17
6578,18
6579,19
6580,20
6581,21
6582,22
6583,23
6584,24
6585,25
6586,26
6587,27
6588,28
6589,29
6590,30
6592,0
6594,2
6595,3
6596,4
6598,6
6599,7
6600,8
6601,9
6602,10
6603,11
6604,12
6605,13
6606,14
6607,15
6608,16
6609,17
6611,19
6612,20
6613,21
6614,22
6615,23
6616,24
6617,25
6618,26
6619,27
6620,28
6621,29
6622,30
6623,31
6624,0
6625,1
6626,2
6627,3
6628,4
6630,6
6632,8
6633,9
6634,10
6635,11
6636,12
6638,14
6639,15
6641,17
6643,19
6644,20
6645,21
6646,22
6647,23
6648,24
6649,25
6650,26
6651,27
6652,28
6653,29
6654,30
6655,31
6656,0
6657,1
6658,2
6660,4
6661,5
6663,7
6665,9
6666,10
6668,12
6670,14
6671,15
6672,16
6673,17
6674,18
6675,19
6676,20
6677,21
6678,22
6679,23
6680,24
6681,25
6682,26
6683,27
6684,28
6685,29
6686,30
6687,31
6688,0
6689,1
6690,2
6691,3
6692,4
6695,7
6696,8
6697,9
6698,10
6699,11
6700,12
6701,13
6702,14
6703,15
6705,17
6706,18
6707,19
6709,21
6710,22
6711,23
6712,24
6713,25
6714,26
6715,27
6717,29
6718,30
6719,31
6720,0
6721,1
6723,3
6724,4
6725,5
6726,6
6727,7
6728,8
6729,9
6730,10
6731,11
6732,12
6734,14
6735,15
6736,16
6737,17
6738,18
6739,19
6744,24
6745,25
6746,26
6747,27
6749,29
6751,31
6752,0
6753,1
6755,3
6756,4
6757,5
6758,6
6759,7
6760,8
6761,9
6762,10
6764,12
6765,13
6766,14
6767,15
6768,16
6769,17
6770,18
6771,19
6772,20
6773,21
6774,22
6775,23
6776,24
6777,25
6778,26
6779,27
6780,28
6781,29
6782,30
6783,31
6784,0
6787,3
6788,4
6789,5
6790,6
6791,7
6793,9
6794,10
6795,11
6797,13
6798,14
6800,16
6801,17
6802,18
6803,19
6804,20
6805,21
6806,22
6807,23
6808,24
6809,25
6810,26
6811,27
6812,28
6813,29
6815,31
6816,0
6818,2
6819,3
6821,5
6822,6
6824,8
6826,10
6828,12
6829,13
6832,16
6833,17
6834,18
6835,19
6836,20
6837,21
6840,24
6841,25
6842,26
6843,27
6844,28
6845,29
6846,30
6847,31
6848,0
6850,2
6852,4
6854,6
6855,7
6856,8
6858,10
6859,11
6860,12
6861,13
6862,14
6863,15
6864,16
6865,17
6866,18
6867,19
6869,21
6870,22
6871,23
6873,25
6875,27
6876,28
6877,29
6878,30
6880,0
6881,1
6883,3
6884,4
6885,5
6886,6
6889,9
6890,10
6892,12
6895,15
6896,16
6897,17
6899,19
6900,20
6901,21
6902,22
6903,23
6904,24
6905,25
6906,26
6907,27
6908,28
6909,29
6910,30
6911,31
6912,0
6913,1
6914,2
6915,3
6916,4
6917,5
6918,6
6920,8
6921,9
6922,10
6923,11
6924,12
6926,14
6927,15
6928,16
6929,17
6930,18
6933,21
6934,22
6935,23
6936,24
6938,26
6940,28
6941,29
6942,30
6943,31
6945,1
6946,2
6947,3
6948,4
6949,5
6950,6
6951,7
6953,9
6954,10
6955,11
6958,14
6959,15
6960,16
6961,17
6962,18
6963,19
6965,21
6967,23
6968,24
6969,25
6971,27
6972,28
6974,30
6975,31
6976,0
6978,2
6979,3
6980,4
6981,5
6982,6
6983,7
6984,8
6985,9
6986,10
6987,11
6990,14
6991,15
6993,17
6994,18
6995,19
6996,20
6997,21
6998,22
6999,23
7000,24
7001,25
7002,26
7003,27
7004,28
7005,29
7006,30
7007,31
7008,0
7009,1
7010,2
7011,3
7012,4
7013,5
7014,6
7015,7
7016,8
7017,9
7018,10
7019,11
7020,12
7021,13
7022,14
7023,15
7024,16
7025,17
7026,18
7027,19
7028,20
7029,21
7030,22
7031,23
7032,24
7033,25
7034,26
7035,27
7036,28
7037,29
7038,30
7040,0
7041,1
7042,2
7043,3
7044,4
7045,5
7046,6
7047,7
7048,8
7049,9
7050,10
7051,11
7052,12
7053,13
7054,14
7055,15
7056,16
7057,17
7059,19
7060,20
7061,21
7062,22
7063,23
7064,24
7065,25
7070,30
7071,31
7072,0
7073,1
7074,2
7079,7
7080,8
7082,10
7084,12
7085,13
7086,14
7087,15
7088,16
7089,17
7090,18
7092,20
7094,22
7095,23
7096,24
7098,26
7099,27
7100,28
7101,29
7103,31
7104,0
7106,2
7107,3
7108,4
7109,5
7110,6
7111,7
7112,8
7113,9
7114,10
7115,11
7116,12
7117,13
7118,14
7119,15
7120,16
7121,17
7122,18
7123,19
7124,20
7125,21
7126,22
7127,23
7128,24
7129,25
7130,26
7131,27
7132,28
7133,29
7134,30
7135,31
7136,0
7137,1
7138,2
7139,3
7140,4
7142,6
7143,7
7144,8
7145,9
7146,10
7149,13
7150,14
7151,15
7153,17
7154,18
7155,19
7156,20
7157,21
7158,22
7159,23
7160,24
7161,25
7162,26
7163,27
7164,28
7165,29
7166,30
7167,31
7168,0
7170,2
7171,3
7172,4
7173,5
7174,6
7175,7
7176,8
7177,9
7178,10
7179,11
7180,12
7181,13
7183,15
7184,16
7185,17
7186,18
7187,19
7188,20
7189,21
7190,22
7191,23
7192,24
7193,25
7194,26
7195,27
7197,29
7198,30
7199,31
7201,1
7203,3
7204,4
7205,5
7206,6
7210,10
7211,11
7212,12
7214,14
7215,15
7217,17
7218,18
7219,19
7220,20
7221,21
7222,22
7223,23
7225,25
7226,26
7227,27
7228,28
7229,29
7230,30
7231,31
7232,0
7233,1
7234,2
7235,3
7236,4
7237,5
7238,6
7239,7
7240,8
7241,9
7243,11
7245,13
7246,14
7250,18
7251,19
7252,20
7253,21
7254,22
7255,23
7257,25
7260,28
7262,30
7265,1
7266,2
7267,3
7268,4
7269,5
7270,6
7271,7
7273,9
7276,12
7277,13
7278,14
7279,15
7280,16
7281,17
7282,18
7283,19
7284,20
7285,21
7286,22
7287,23
7289,25
7290,26
7291,27
7292,28
7293,29
7294,30
7295,31
7296,0
7297,1
7298,2
7299,3
7300,4
7301,5
7302,6
7304,8
7305,9
7306,10
7309,13
7310,14
7315,19
7316,20
7317,21
7318,22
7319,23
7320,24
7321,25
7323,27
7326,30
7327,31
7329,1
7330,2
7332,4
7333,5
7335,7
7336,8
7337,9
7341,13
7342,14
7343,15
7344,16
7345,17
7347,19
7348,20
7349,21
7350,22
7351,23
7352,24
7353,25
7354,26
7355,27
7357,29
7359,31
7360,0
7362,2
7363,3
7365,5
7371,11
7372,12
7373,13
7374,14
7376,16
7377,17
7378,18
7379,19
7380,20
7381,21
7382,22
7383,23
7386,26
7387,27
7389,29
7390,30
7391,31
7392,0
7393,1
7394,2
7397,5
7400,8
7401,9
7402,10
7403,11
7404,12
7405,13
7407,15
7409,17
7413,21
7414,22
7415,23
7416,24
7417,25
7418,26
7419,27
7420,28
7421,29
7422,30
7423,31
7424,0
7425,1
7426,2
7427,3
7428,4
7429,5
7430,6
7431,7
7434,10
7436,12
7439,15
7440,16
7441,17
7442,18
7443,19
7444,20
7445,21
7446,22
7447,23
7448,24
7449,25
7450,26
7451,27
7452,28
7453,29
7454,30
7455,31
7456,0
7457,1
7458,2
7459,3
7461,5
7462,6
7465,9
7466,10
7467,11
7468,12
7469,13
7470,14
7471,15
7472,16
7473,17
7474,18
7476,20
7477,21
7478,22
7480,24
7481,25
7482,26
7483,27
7484,28
7485,29
7486,30
7487,31
7490,2
7491,3
7492,4
7493,5
7494,6
7495,7
7497,9
7498,10
7501,13
7502,14
7503,15
7505,17
7506,18
7508,20
7509,21
7510,22
7511,23
7512,24
7513,25
7514,26
7515,27
7517,29
7518,30
7520,0
7522,2
7523,3
7524,4
7525,5
7527,7
7528,8
7529,9
7531,11
7533,13
7534,14
7535,15
7536,16
7537,17
7538,18
7540,20
7544,24
7545,25
7546,26
7549,29
7550,30
7553,1
7554,2
7557,5
7561,9
7563,11
7564,12
7565,13
7567,15
7569,17
7570,18
7571,19
7572,20
7574,22
7576,24
7577,25
7578,26
7579,27
7580,28
7581,29
7583,31
7585,1
7586,2
7587,3
7588,4
7590,6
7593,9
7594,10
7595,11
7597,13
7598,14
7599,15
7600,16
7601,17
7602,18
7604,20
7605,21
7608,24
7609,25
7610,26
7611,27
7613,29
7614,30
7615,31
7616,0
7617,1
7618,2
7619,3
7620,4
7623,7
7624,8
7625,9
7626,10
7629,13
7630,14
7632,16
7634,18
7636,20
7637,21
7638,22
7639,23
7642,26
7644,28
7645,29
7646,30
7647,31
7648,0
7649,1
7650,2
7651,3
7652,4
7653,5
7658,10
7659,11
7660,12
7661,13
7662,14
7663,15
7664,16
7665,17
7666,18
7668,20
7669,21
7670,22
7672,24
7673,25
7675,27
7676,28
7677,29
7678,30
7679,31
7682,2
7683,3
7684,4
7685,5
7686,6
7687,7
7688,8
7690,10
7691,11
7694,14
7695,15
7696,16
7697,17
7698,18
7699,19
7701,21
7703,23
7704,24
7705,25
7706,26
7707,27
7708,28
7715,3
7716,4
7717,5
7719,7
7720,8
7721,9
7724,12
7726,14
7727,15
7728,16
7729,17
7730,18
7732,20
7733,21
7734,22
7735,23
7736,24
7737,25
7738,26
7740,28
7741,29
7742,30
7743,31
7744,0
7745,1
7747,3
7750,6
7751,7
7752,8
7753,9
7754,10
7755,11
7756,12
7757,13
7758,14
7759,15
7760,16
7761,17
7762,18
7763,19
7765,21
7766,22
7767,23
7768,24
7769,25
7770,26
7771,27
7772,28
7773,29
7774,30
7775,31
7777,1
7778,2
7779,3
7780,4
7781,5
7782,6
7783,7
7788,12
7789,13
7790,14
7791,15
7792,16
7795,19
7796,20
7797,21
7799,23
7800,24
7801,25
7802,26
7803,27
7804,28
7805,29
7806,30
7808,0
7809,1
7810,2
7812,4
7813,5
7814,6
7815,7
7818,10
7819,11
7821,13
7822,14
7826,18
7827,19
7828,20
7829,21
7830,22
7831,23
7832,24
7833,25
7834,26
7835,27
7836,28
7837,29
7839,31
7840,0
7841,1
7842,2
7843,3
7844,4
7845,5
7848,8
7849,9
7850,10
7851,11
7852,12
7853,13
7854,14
7855,15
7856,16
7857,17
7860,20
7861,21
7862,22
7863,23
7864,24
7865,25
7866,26
7867,27
7868,28
7869,29
7870,30
7871,31
7873,1
7874,2
7875,3
7877,5
7878,6
7879,7
7881,9
7882,10
7883,11
7884,12
7885,13
7886,14
7887,15
7888,16
7889,17
7890,18
7891,19
7892,20
7893,21
7894,22
7899,27
7900,28
7901,29
7902,30
7903,31
7904,0
7905,1
7906,2
7907,3
7908,4
7909,5
7910,6
7911,7
7912,8
7913,9
7914,10
7915,11
7916,12
7919,15
7920,16
7921,17
7922,18
7923,19
7924,20
7925,21
7927,23
7928,24
7929,25
7930,26
7931,27
7932,28
7933,29
7934,30
7935,31
7937,1
7938,2
7939,3
7940,4
7941,5
7942,6
7944,8
7945,9
7946,10
7948,12
7949,13
7950,14
7952,16
7953,17
7954,18
7955,19
7956,20
7957,21
7959,23
7960,24
7961,25
7964,28
7965,29
7966,30
7967,31
7968,0
7969,1
7970,2
7972,4
7973,5
7974,6
7975,7
7976,8
7978,10
7979,11
7980,12
7981,13
7982,14
7985,17
7986,18
7991,23
7992,24
7993,25
7994,26
7995,27
7996,28
7998,30
7999,31
8000,0
8001,1
8002,2
8005,5
8006,6
8007,7
8009,9
8010,10
8011,11
8012,12
8013,13
8014,14
8015,15
8019,19
8020,20
8021,21
8023,23
8024,24
8025,25
8027,27
8028,28
8033,1
8035,3
8036,4
8037,5
8038,6
8040,8
8041,9
8042,10
8043,11
8044,12
8045,13
8046,14
8047,15
8048,16
8049,17
8050,18
8051,19
8052,20
8053,21
8054,22
8055,23
8056,24
8057,25
8058,26
8060,28
8061,29
8062,30
8063,31
8064,0
8065,1
8066,2
8068,4
8069,5
8070,6
8071,7
8072,8
8073,9
8074,10
8075,11
8076,12
8077,13
8079,15
8080,16
8081,17
8083,19
8084,20
8085,21
8086,22
8087,23
8088,24
8089,25
8090,26
8091,27
8092,28
8093,29
8094,30
8095,31
8096,0
8097,1
8098,2
8099,3
8100,4
8101,5
8102,6
8103,7
8104,8
8105,9
8106,10
8107,11
8108,12
8109,13
8110,14
8111,15
8112,16
8114,18
8115,19
8118,22
8119,23
8120,24
8121,25
8122,26
8124,28
8126,30
8128,0
8130,2
8131,3
8132,4
8133,5
8134,6
8135,7
8136,8
8137,9
8138,10
8139,11
8140,12
8141,13
8142,14
8144,16
8145,17
8146,18
8147,19
8148,20
8149,21
8150,22
8152,24
8153,25
8155,27
8156,28
8157,29
8158,30
8159,31
8161,1
8162,2
8163,3
8165,5
8166,6
8167,7
8168,8
8169,9
8170,10
8171,11
8172,12
8173,13
8174,14
8175,15
8177,17
8178,18
8179,19
8180,20
8181,21
8182,22
8183,23
8184,24
8186,26
8187,27
8189,29
8190,30
8192,0
8193,1
8194,2
8195,3
8196,4
8197,5
8198,6
8199,7
8202,10
8203,11
8204,12
8205,13
8206,14
8209,17
8211,19
8212,20
8213,21
8214,22
8215,23
8216,24
8219,27
8221,29
8222,30
8224,0
8225,1
8226,2
8227,3
8229,5
8231,7
8232,8
8233,9
8235,11
8236,12
8237,13
8238,14
8241,17
8242,18
8243,19
8244,20
8245,21
8246,22
8248,24
8249,25
8251,27
8252,28
8253,29
8254,30
8255,31
8256,0
8260,4
8261,5
8262,6
8263,7
8264,8
8265,9
8266,10
8270,14
8271,15
8272,16
8273,17
8274,18
8275,19
8276,20
8277,21
8282,26
8283,27
8284,28
8285,29
8286,30
8287,31
8288,0
8289,1
8290,2
8291,3
8292,4
8293,5
8294,6
8295,7
8296,8
8297,9
