attempted_operations,campaign_id,concurrency,configuration_fingerprint,database,error_rate,failed_operations,operation_category,p50_ms,p95_ms,p99_ms,specific_workload,successful_operations
181,final-20260820T022802Z,1,bf5c21d0bce4043d0c453d41497d7c375e685b28ee254714521e4a9c2879b162,cognodb,0.0,0,read,263.5984,272.0888,274.33356000000003,mixed_read,181
45,final-20260820T022802Z,1,bf5c21d0bce4043d0c453d41497d7c375e685b28ee254714521e4a9c2879b162,cognodb,0.0,0,write,267.6831,275.98588,295.08442800000006,mixed_write,45
946,final-20260820T022802Z,5,bf5c21d0bce4043d0c453d41497d7c375e685b28ee254714521e4a9c2879b162,cognodb,0.0,0,read,246.38715,268.230675,279.6422749999999,mixed_read,946
236,final-20260820T022802Z,5,bf5c21d0bce4043d0c453d41497d7c375e685b28ee254714521e4a9c2879b162,cognodb,0.0,0,write,249.54995,271.451975,560.35006,mixed_write,236
1883,final-20260820T022802Z,10,bf5c21d0bce4043d0c453d41497d7c375e685b28ee254714521e4a9c2879b162,cognodb,0.0,0,read,253.1399,267.99644,272.881912,mixed_read,1883
470,final-20260820T022802Z,10,bf5c21d0bce4043d0c453d41497d7c375e685b28ee254714521e4a9c2879b162,cognodb,0.0,0,write,256.4587,268.32825499999996,564.102669,mixed_write,470
3767,final-20260820T022802Z,20,bf5c21d0bce4043d0c453d41497d7c375e685b28ee254714521e4a9c2879b162,cognodb,0.0,0,read,251.8416,270.72376,310.8689900000002,mixed_read,3767
941,final-20260820T022802Z,20,bf5c21d0bce4043d0c453d41497d7c375e685b28ee254714521e4a9c2879b162,cognodb,0.0,0,write,251.9611,271.8242,280.57234,mixed_write,941
7513,final-20260820T022802Z,40,bf5c21d0bce4043d0c453d41497d7c375e685b28ee254714521e4a9c2879b162,cognodb,0.0,0,read,252.7087,269.25255999999996,296.6853280000004,mixed_read,7513
1878,final-20260820T022802Z,40,bf5c21d0bce4043d0c453d41497d7c375e685b28ee254714521e4a9c2879b162,cognodb,0.0,0,write,255.5652,272.275685,285.11316700000003,mixed_write,1878
31451,final-20260820T022802Z,1,bf5c21d0bce4043d0c453d41497d7c375e685b28ee254714521e4a9c2879b162,memgraph,0.0,0,read,0.6812,1.08775,50.5158,mixed_read,31451
7862,final-20260820T022802Z,1,bf5c21d0bce4043d0c453d41497d7c375e685b28ee254714521e4a9c2879b162,memgraph,0.0,0,write,0.7285,1.16149,50.957924,mixed_write,7862
54200,final-20260820T022802Z,5,bf5c21d0bce4043d0c453d41497d7c375e685b28ee254714521e4a9c2879b162,memgraph,0.0,0,read,1.6820499999999998,8.8692200000001,62.70424200000001,mixed_read,54200
13550,final-20260820T022802Z,5,bf5c21d0bce4043d0c453d41497d7c375e685b28ee254714521e4a9c2879b162,memgraph,0.0,0,write,1.6449500000000001,8.84229999999998,62.429899,mixed_write,13550
48922,final-20260820T022802Z,10,bf5c21d0bce4043d0c453d41497d7c375e685b28ee254714521e4a9c2879b162,memgraph,0.0,0,read,3.2213000000000003,67.820695,75.45296,mixed_read,48922
12230,final-20260820T022802Z,10,bf5c21d0bce4043d0c453d41497d7c375e685b28ee254714521e4a9c2879b162,memgraph,0.0,0,write,3.1285499999999997,67.98089999999999,75.16430399999989,mixed_write,12230
41292,final-20260820T022802Z,20,bf5c21d0bce4043d0c453d41497d7c375e685b28ee254714521e4a9c2879b162,memgraph,0.0,0,read,7.15165,85.47872499999998,97.839006,mixed_read,41292
10322,final-20260820T022802Z,20,bf5c21d0bce4043d0c453d41497d7c375e685b28ee254714521e4a9c2879b162,memgraph,0.0,0,write,6.929,85.47842,98.526391,mixed_write,10322
36963,final-20260820T022802Z,40,bf5c21d0bce4043d0c453d41497d7c375e685b28ee254714521e4a9c2879b162,memgraph,0.0,0,read,32.5266,106.87555000000002,173.79049599999968,mixed_read,36963
9240,final-20260820T022802Z,40,bf5c21d0bce4043d0c453d41497d7c375e685b28ee254714521e4a9c2879b162,memgraph,0.00021645021645021645,2,write,44.5068,106.55873,181.92687199999972,mixed_write,9238
19084,final-20260820T022802Z,1,bf5c21d0bce4043d0c453d41497d7c375e685b28ee254714521e4a9c2879b162,neo4j,0.0,0,read,0.98615,1.5705349999999985,31.658728999998893,mixed_read,19084
4771,final-20260820T022802Z,1,bf5c21d0bce4043d0c453d41497d7c375e685b28ee254714521e4a9c2879b162,neo4j,0.0,0,write,3.3884,5.7829999999999995,46.33597000000101,mixed_write,4771
43068,final-20260820T022802Z,5,bf5c21d0bce4043d0c453d41497d7c375e685b28ee254714521e4a9c2879b162,neo4j,0.0,0,read,1.7027,16.8935450000001,79.06922100000018,mixed_read,43068
10767,final-20260820T022802Z,5,bf5c21d0bce4043d0c453d41497d7c375e685b28ee254714521e4a9c2879b162,neo4j,0.0,0,write,4.1235,50.03075000000001,92.29200400000002,mixed_write,10767
43081,final-20260820T022802Z,10,bf5c21d0bce4043d0c453d41497d7c375e685b28ee254714521e4a9c2879b162,neo4j,0.0,0,read,4.092,55.1342,94.89341999999994,mixed_read,43081
10770,final-20260820T022802Z,10,bf5c21d0bce4043d0c453d41497d7c375e685b28ee254714521e4a9c2879b162,neo4j,0.0,0,write,6.3154,63.79093499999999,103.19330899999989,mixed_write,10770
39382,final-20260820T022802Z,20,bf5c21d0bce4043d0c453d41497d7c375e685b28ee254714521e4a9c2879b162,neo4j,0.0,0,read,8.7152,81.42085999999996,106.21428300000004,mixed_read,39382
9845,final-20260820T022802Z,20,bf5c21d0bce4043d0c453d41497d7c375e685b28ee254714521e4a9c2879b162,neo4j,0.0,0,write,13.7274,97.53291999999999,206.51744799999977,mixed_write,9845
24678,final-20260820T022802Z,40,bf5c21d0bce4043d0c453d41497d7c375e685b28ee254714521e4a9c2879b162,neo4j,0.0,0,read,64.34905,201.70079,306.82242399999996,mixed_read,24678
6169,final-20260820T022802Z,40,bf5c21d0bce4043d0c453d41497d7c375e685b28ee254714521e4a9c2879b162,neo4j,0.00016210082671421625,1,write,86.51455,311.39852999999994,506.566981,mixed_write,6168
32066,final-20260820T022802Z,1,bf5c21d0bce4043d0c453d41497d7c375e685b28ee254714521e4a9c2879b162,arangodb,0.0,0,read,1.4107,1.60495,1.7814699999999999,mixed_read,32066
8016,final-20260820T022802Z,1,bf5c21d0bce4043d0c453d41497d7c375e685b28ee254714521e4a9c2879b162,arangodb,0.0,0,write,1.59565,1.8072,2.0013000000000014,mixed_write,8016
56079,final-20260820T022802Z,5,bf5c21d0bce4043d0c453d41497d7c375e685b28ee254714521e4a9c2879b162,arangodb,0.0,0,read,3.5145,5.587329999999998,21.520016000000005,mixed_read,56079
14019,final-20260820T022802Z,5,bf5c21d0bce4043d0c453d41497d7c375e685b28ee254714521e4a9c2879b162,arangodb,0.0,0,write,3.8754,5.99285,21.696192,mixed_write,14019
56104,final-20260820T022802Z,10,bf5c21d0bce4043d0c453d41497d7c375e685b28ee254714521e4a9c2879b162,arangodb,0.0,0,read,7.0629,23.605154999999996,29.683080000000004,mixed_read,56104
14026,final-20260820T022802Z,10,bf5c21d0bce4043d0c453d41497d7c375e685b28ee254714521e4a9c2879b162,arangodb,0.0,0,write,7.25005,23.626424999999998,29.6453,mixed_write,14026
57012,final-20260820T022802Z,20,bf5c21d0bce4043d0c453d41497d7c375e685b28ee254714521e4a9c2879b162,arangodb,0.0,0,read,14.76805,33.48127999999999,41.04669199999999,mixed_read,57012
14253,final-20260820T022802Z,20,bf5c21d0bce4043d0c453d41497d7c375e685b28ee254714521e4a9c2879b162,arangodb,0.0,0,write,14.9455,33.62618,41.702591999999996,mixed_write,14253
58596,final-20260820T022802Z,40,bf5c21d0bce4043d0c453d41497d7c375e685b28ee254714521e4a9c2879b162,arangodb,0.0,0,read,30.734,55.843424999999996,67.622185,mixed_read,58596
14648,final-20260820T022802Z,40,bf5c21d0bce4043d0c453d41497d7c375e685b28ee254714521e4a9c2879b162,arangodb,0.0,0,write,30.86815,56.11306999999999,67.34400800000003,mixed_write,14648
76232,final-20260820T022802Z,1,bf5c21d0bce4043d0c453d41497d7c375e685b28ee254714521e4a9c2879b162,falkordb,0.0,0,read,0.5719,0.7183,0.8623760000000009,mixed_read,76232
19057,final-20260820T022802Z,1,bf5c21d0bce4043d0c453d41497d7c375e685b28ee254714521e4a9c2879b162,falkordb,0.0,0,write,0.6193,0.77292,0.9533039999999979,mixed_write,19057
143477,final-20260820T022802Z,5,bf5c21d0bce4043d0c453d41497d7c375e685b28ee254714521e4a9c2879b162,falkordb,0.0,0,read,0.848,1.5173400000000024,43.00129199999999,mixed_read,143477
35869,final-20260820T022802Z,5,bf5c21d0bce4043d0c453d41497d7c375e685b28ee254714521e4a9c2879b162,falkordb,0.0,0,write,0.898,1.62506,43.868939999999995,mixed_write,35869
130564,final-20260820T022802Z,10,bf5c21d0bce4043d0c453d41497d7c375e685b28ee254714521e4a9c2879b162,falkordb,0.0,0,read,1.5138,3.8847850000000004,57.935373999999996,mixed_read,130564
32640,final-20260820T022802Z,10,bf5c21d0bce4043d0c453d41497d7c375e685b28ee254714521e4a9c2879b162,falkordb,0.0,0,write,1.62615,4.6018849999999984,58.93177000000002,mixed_write,32640
123948,final-20260820T022802Z,20,bf5c21d0bce4043d0c453d41497d7c375e685b28ee254714521e4a9c2879b162,falkordb,0.0,0,read,3.0112,58.17338999999998,64.150714,mixed_read,123948
30986,final-20260820T022802Z,20,bf5c21d0bce4043d0c453d41497d7c375e685b28ee254714521e4a9c2879b162,falkordb,0.0,0,write,3.2051499999999997,59.411625,65.26934500000004,mixed_write,30986
117226,final-20260820T022802Z,40,bf5c21d0bce4043d0c453d41497d7c375e685b28ee254714521e4a9c2879b162,falkordb,0.0,0,read,6.4346,68.720825,78.21732499999999,mixed_read,117226
29306,final-20260820T022802Z,40,bf5c21d0bce4043d0c453d41497d7c375e685b28ee254714521e4a9c2879b162,falkordb,0.0,0,write,6.6349,70.278075,79.81421000000002,mixed_write,29306
