attempt_count,campaign_id,configuration_fingerprint,database,error_rate,failure_count,maximum_ms,mean_ms,minimum_ms,p50_ms,p95_ms,p99_ms,round_median_cv,round_median_stddev_ms,successful_count,workload
600,final-20260820T022802Z,bf5c21d0bce4043d0c453d41497d7c375e685b28ee254714521e4a9c2879b162,cognodb,0.0,0,582.5832,254.9022971666667,251.6448,253.05655000000002,257.36316500000004,273.95785399999994,0.0006194465176416717,0.15674955785866895,600,point_lookup
600,final-20260820T022802Z,bf5c21d0bce4043d0c453d41497d7c375e685b28ee254714521e4a9c2879b162,cognodb,0.0,0,584.7749,255.883744,252.101,253.58135,257.855555,263.77644199999986,0.0006285200615904618,0.15940125644284747,600,filtered_lookup
600,final-20260820T022802Z,bf5c21d0bce4043d0c453d41497d7c375e685b28ee254714521e4a9c2879b162,cognodb,0.0,0,590.425,257.3338048333333,251.7654,253.3996,262.70171999999997,280.233167,0.01563530922267915,4.002485153210019,600,one_hop
600,final-20260820T022802Z,bf5c21d0bce4043d0c453d41497d7c375e685b28ee254714521e4a9c2879b162,cognodb,0.0,0,492.2684,258.408433,251.5643,254.71365,268.571805,304.5520089999995,0.0015637823146110103,0.3985070395307455,600,two_hop
600,final-20260820T022802Z,bf5c21d0bce4043d0c453d41497d7c375e685b28ee254714521e4a9c2879b162,cognodb,0.0,0,9092.6905,482.469683,251.9435,266.64115,1200.2600549999954,3328.05800299995,0.010462982678305494,2.7909104734039123,600,three_hop
600,final-20260820T022802Z,bf5c21d0bce4043d0c453d41497d7c375e685b28ee254714521e4a9c2879b162,cognodb,0.0,0,626.1296,268.458206,261.3951,266.5954,273.261445,283.02041599999995,0.002288477910436156,0.6101170215622342,600,aggregation
600,final-20260820T022802Z,bf5c21d0bce4043d0c453d41497d7c375e685b28ee254714521e4a9c2879b162,memgraph,0.0,0,37.8886,1.6434573333333333,0.6535,1.0433,1.7497799999999997,24.517540999999994,0.024043480312992315,0.025203978962766077,600,point_lookup
600,final-20260820T022802Z,bf5c21d0bce4043d0c453d41497d7c375e685b28ee254714521e4a9c2879b162,memgraph,0.0,0,34.4823,1.6020691666666667,0.6393,1.1681,2.018184999999999,17.206809999999987,0.05087034128496892,0.0603720731979797,600,filtered_lookup
600,final-20260820T022802Z,bf5c21d0bce4043d0c453d41497d7c375e685b28ee254714521e4a9c2879b162,memgraph,0.0,0,45.2905,1.5766923333333334,0.6652,1.09805,1.9078599999999997,17.747122,0.04021400673155025,0.04466904844396048,600,one_hop
600,final-20260820T022802Z,bf5c21d0bce4043d0c453d41497d7c375e685b28ee254714521e4a9c2879b162,memgraph,0.0,0,34.8202,1.6504963333333331,0.6151,1.18455,2.0933749999999995,14.109290999999963,0.10222121968118811,0.12190050815681151,600,two_hop
600,final-20260820T022802Z,bf5c21d0bce4043d0c453d41497d7c375e685b28ee254714521e4a9c2879b162,memgraph,0.0,0,179.3757,4.8508103333333334,0.8149,1.8029,14.582864999999998,49.41620699999933,0.03839835527417278,0.06884825100659178,600,three_hop
600,final-20260820T022802Z,bf5c21d0bce4043d0c453d41497d7c375e685b28ee254714521e4a9c2879b162,memgraph,0.0,0,28.4076,3.9186405,2.4785,3.62235,5.3387150000000005,6.1486469999999995,0.010081730089367955,0.036620372290115694,600,aggregation
600,final-20260820T022802Z,bf5c21d0bce4043d0c453d41497d7c375e685b28ee254714521e4a9c2879b162,falkordb,0.0,0,2.5831,0.7944100000000001,0.5716,0.7614,1.0394149999999998,1.2922459999999996,0.037823886844452426,0.02860620562045937,600,point_lookup
600,final-20260820T022802Z,bf5c21d0bce4043d0c453d41497d7c375e685b28ee254714521e4a9c2879b162,falkordb,0.0,0,1.976,0.8680318333333334,0.6226,0.83415,1.1454649999999997,1.4675409999999998,0.02528626024990183,0.0210950626134806,600,filtered_lookup
600,final-20260820T022802Z,bf5c21d0bce4043d0c453d41497d7c375e685b28ee254714521e4a9c2879b162,falkordb,0.0,0,1.9895,0.8474338333333333,0.5708,0.81765,1.08977,1.2404619999999997,0.017577236999906858,0.014359723767073907,600,one_hop
600,final-20260820T022802Z,bf5c21d0bce4043d0c453d41497d7c375e685b28ee254714521e4a9c2879b162,falkordb,0.0,0,7.9879,1.1070164999999998,0.6016,0.9319,2.005175,3.806017999999965,0.01249364310316116,0.011644908281686413,600,two_hop
600,final-20260820T022802Z,bf5c21d0bce4043d0c453d41497d7c375e685b28ee254714521e4a9c2879b162,falkordb,0.0,0,753.5013,18.093412333333333,0.7781,2.06255,67.19485499999992,268.1463139999961,0.02202591228595006,0.04526985752131317,600,three_hop
600,final-20260820T022802Z,bf5c21d0bce4043d0c453d41497d7c375e685b28ee254714521e4a9c2879b162,falkordb,0.0,0,2.538,1.6194895,1.2278,1.5751499999999998,1.995615,2.2763459999999993,0.003255791091880055,0.00512315007262786,600,aggregation
600,final-20260820T022802Z,bf5c21d0bce4043d0c453d41497d7c375e685b28ee254714521e4a9c2879b162,neo4j,0.0,0,95.9399,2.916405166666667,1.1822,1.56,2.753809999999997,53.432400999999885,0.03152119928089477,0.04888517725809701,600,point_lookup
600,final-20260820T022802Z,bf5c21d0bce4043d0c453d41497d7c375e685b28ee254714521e4a9c2879b162,neo4j,0.0,0,73.4224,2.2699036666666665,1.1044,1.49925,2.485835,28.72812099999984,0.03889709691259322,0.05848761977262079,600,filtered_lookup
600,final-20260820T022802Z,bf5c21d0bce4043d0c453d41497d7c375e685b28ee254714521e4a9c2879b162,neo4j,0.0,0,610.4017,4.166321833333333,1.0909,1.74055,3.4473949999999993,61.49879699999996,0.19906997920924027,0.3705919911289085,600,one_hop
600,final-20260820T022802Z,bf5c21d0bce4043d0c453d41497d7c375e685b28ee254714521e4a9c2879b162,neo4j,0.0,0,200.0494,5.434904833333333,1.0866,1.7934999999999999,13.534154999999952,87.40736,0.08780275707281886,0.15737473501875143,600,two_hop
600,final-20260820T022802Z,bf5c21d0bce4043d0c453d41497d7c375e685b28ee254714521e4a9c2879b162,neo4j,0.0,0,2085.2776,54.386587999999996,1.0889,2.7759,274.629295,788.3225829999972,0.07915512620012367,0.21772540937816356,600,three_hop
600,final-20260820T022802Z,bf5c21d0bce4043d0c453d41497d7c375e685b28ee254714521e4a9c2879b162,neo4j,0.0,0,166.1583,7.175000666666667,2.3975,2.9115,38.691149999999936,90.97189399999999,0.04254927394563895,0.12383824350965064,600,aggregation
600,final-20260820T022802Z,bf5c21d0bce4043d0c453d41497d7c375e685b28ee254714521e4a9c2879b162,arangodb,0.0,0,2.6102,1.4008586666666667,1.2028,1.377,1.5919849999999995,1.7983379999999995,0.0020789935850650605,0.0028624969674899132,600,point_lookup
600,final-20260820T022802Z,bf5c21d0bce4043d0c453d41497d7c375e685b28ee254714521e4a9c2879b162,arangodb,0.0,0,1.8134,1.4312315,1.2611,1.41625,1.60171,1.745631,0.004858804077998344,0.006868810344998292,600,filtered_lookup
600,final-20260820T022802Z,bf5c21d0bce4043d0c453d41497d7c375e685b28ee254714521e4a9c2879b162,arangodb,0.0,0,3.5221,1.6176188333333332,1.415,1.58765,1.8571949999999997,2.0132119999999993,0.006968579383957057,0.01104810189831525,600,one_hop
600,final-20260820T022802Z,bf5c21d0bce4043d0c453d41497d7c375e685b28ee254714521e4a9c2879b162,arangodb,0.0,0,8.2702,1.8532616666666668,1.431,1.6882,2.593295,6.564481999999995,0.01305334480563522,0.022010767567008867,600,two_hop
600,final-20260820T022802Z,bf5c21d0bce4043d0c453d41497d7c375e685b28ee254714521e4a9c2879b162,arangodb,0.0,0,589.8654,15.201221166666668,1.5209,2.7423,53.22260499999996,203.7494499999972,0.02028429618836118,0.05537173366338522,600,three_hop
600,final-20260820T022802Z,bf5c21d0bce4043d0c453d41497d7c375e685b28ee254714521e4a9c2879b162,arangodb,0.0,0,21.4067,3.0802206666666665,2.3292,2.6376,3.181745,16.319385999999998,0.0015766007105739908,0.00415591947307304,600,aggregation
