attempt_count,campaign_id,configuration_fingerprint,database,error_rate,failure_count,maximum_ms,mean_ms,minimum_ms,p50_ms,p95_ms,p99_ms,round,successful_count,workload
200,final-20260820T022802Z,bf5c21d0bce4043d0c453d41497d7c375e685b28ee254714521e4a9c2879b162,cognodb,0.0,0,281.632,253.3784775,251.7124,252.82855,257.36954000000003,258.30264999999986,1,200,point_lookup
200,final-20260820T022802Z,bf5c21d0bce4043d0c453d41497d7c375e685b28ee254714521e4a9c2879b162,cognodb,0.0,0,257.9582,253.85474,251.6448,253.1859,257.44596,257.855546,2,200,point_lookup
200,final-20260820T022802Z,bf5c21d0bce4043d0c453d41497d7c375e685b28ee254714521e4a9c2879b162,cognodb,0.0,0,582.5832,257.473674,252.0041,253.12885,257.10756000000003,283.03399999999743,3,200,point_lookup
200,final-20260820T022802Z,bf5c21d0bce4043d0c453d41497d7c375e685b28ee254714521e4a9c2879b162,cognodb,0.0,0,281.8657,254.7249525,252.5576,253.78660000000002,258.06332,259.65661599999993,1,200,filtered_lookup
200,final-20260820T022802Z,bf5c21d0bce4043d0c453d41497d7c375e685b28ee254714521e4a9c2879b162,cognodb,0.0,0,569.8462,256.7013955,252.101,253.40195,254.36515999999997,285.94060299999745,2,200,filtered_lookup
200,final-20260820T022802Z,bf5c21d0bce4043d0c453d41497d7c375e685b28ee254714521e4a9c2879b162,cognodb,0.0,0,584.7749,256.224884,252.4092,253.65235,257.84707499999996,259.5478549999998,3,200,filtered_lookup
200,final-20260820T022802Z,bf5c21d0bce4043d0c453d41497d7c375e685b28ee254714521e4a9c2879b162,cognodb,0.0,0,581.2627,255.75734599999998,251.7654,253.21215,257.265055,258.4457529999998,1,200,one_hop
200,final-20260820T022802Z,bf5c21d0bce4043d0c453d41497d7c375e685b28ee254714521e4a9c2879b162,cognodb,0.0,0,576.5298,255.604644,251.8032,253.10809999999998,257.206945,280.927726,2,200,one_hop
200,final-20260820T022802Z,bf5c21d0bce4043d0c453d41497d7c375e685b28ee254714521e4a9c2879b162,cognodb,0.0,0,590.425,260.63942449999996,251.8329,261.6502,263.078225,263.884322,3,200,one_hop
200,final-20260820T022802Z,bf5c21d0bce4043d0c453d41497d7c375e685b28ee254714521e4a9c2879b162,cognodb,0.0,0,492.2684,259.003474,251.9521,254.86700000000002,268.57180500000004,305.41510799999867,1,200,two_hop
200,final-20260820T022802Z,bf5c21d0bce4043d0c453d41497d7c375e685b28ee254714521e4a9c2879b162,cognodb,0.0,0,470.9073,259.0480685,253.328,255.30685,268.855845,295.92811899999936,2,200,two_hop
200,final-20260820T022802Z,bf5c21d0bce4043d0c453d41497d7c375e685b28ee254714521e4a9c2879b162,cognodb,0.0,0,394.9632,257.1737565,251.5643,254.33225,266.80462500000004,288.70663199999905,3,200,two_hop
200,final-20260820T022802Z,bf5c21d0bce4043d0c453d41497d7c375e685b28ee254714521e4a9c2879b162,cognodb,0.0,0,9066.967,483.41371749999996,252.1568,265.19545,1200.260055000001,3301.5959099999477,1,200,three_hop
200,final-20260820T022802Z,bf5c21d0bce4043d0c453d41497d7c375e685b28ee254714521e4a9c2879b162,cognodb,0.0,0,9092.6905,482.5329295,251.9435,264.36929999999995,1151.6549150000026,3330.2124999999482,2,200,three_hop
200,final-20260820T022802Z,bf5c21d0bce4043d0c453d41497d7c375e685b28ee254714521e4a9c2879b162,cognodb,0.0,0,8902.1443,481.462402,252.9308,270.6594,1194.7313100000024,3144.4359709999485,3,200,three_hop
200,final-20260820T022802Z,bf5c21d0bce4043d0c453d41497d7c375e685b28ee254714521e4a9c2879b162,cognodb,0.0,0,587.011,269.102884,263.2808,266.84975,272.954135,283.02041599999995,1,200,aggregation
200,final-20260820T022802Z,bf5c21d0bce4043d0c453d41497d7c375e685b28ee254714521e4a9c2879b162,cognodb,0.0,0,301.4501,267.91868600000004,261.9182,267.19714999999997,273.34758999999997,282.8235159999999,2,200,aggregation
200,final-20260820T022802Z,bf5c21d0bce4043d0c453d41497d7c375e685b28ee254714521e4a9c2879b162,cognodb,0.0,0,626.1296,268.353048,261.3951,265.76465,272.926695,277.44735999999983,3,200,aggregation
200,final-20260820T022802Z,bf5c21d0bce4043d0c453d41497d7c375e685b28ee254714521e4a9c2879b162,memgraph,0.0,0,37.8886,1.652607,0.6535,1.0343,1.7497800000000001,24.561060999999956,1,200,point_lookup
200,final-20260820T022802Z,bf5c21d0bce4043d0c453d41497d7c375e685b28ee254714521e4a9c2879b162,memgraph,0.0,0,29.6638,1.6659864999999998,0.8228,1.02685,1.6918200000000003,27.358052999999998,2,200,point_lookup
200,final-20260820T022802Z,bf5c21d0bce4043d0c453d41497d7c375e685b28ee254714521e4a9c2879b162,memgraph,0.0,0,25.0265,1.6117785,0.8032,1.08365,1.7707150000000003,18.68889199999995,3,200,point_lookup
200,final-20260820T022802Z,bf5c21d0bce4043d0c453d41497d7c375e685b28ee254714521e4a9c2879b162,memgraph,0.0,0,19.7893,1.5960865000000002,0.8076,1.2721,2.1472900000000004,10.609254999999939,1,200,filtered_lookup
200,final-20260820T022802Z,bf5c21d0bce4043d0c453d41497d7c375e685b28ee254714521e4a9c2879b162,memgraph,0.0,0,24.6917,1.5413385,0.7516,1.14695,1.9964900000000003,11.753517999999906,2,200,filtered_lookup
200,final-20260820T022802Z,bf5c21d0bce4043d0c453d41497d7c375e685b28ee254714521e4a9c2879b162,memgraph,0.0,0,34.4823,1.6687825,0.6393,1.1413000000000002,1.9381050000000004,19.042158999999998,3,200,filtered_lookup
200,final-20260820T022802Z,bf5c21d0bce4043d0c453d41497d7c375e685b28ee254714521e4a9c2879b162,memgraph,0.0,0,20.8515,1.508759,0.6652,1.16965,2.227230000000002,8.244740999999975,1,200,one_hop
200,final-20260820T022802Z,bf5c21d0bce4043d0c453d41497d7c375e685b28ee254714521e4a9c2879b162,memgraph,0.0,0,43.6287,1.6234540000000002,0.7152,1.1012,1.8553300000000004,15.859419999999963,2,200,one_hop
200,final-20260820T022802Z,bf5c21d0bce4043d0c453d41497d7c375e685b28ee254714521e4a9c2879b162,memgraph,0.0,0,45.2905,1.5978640000000002,0.6965,1.0615,1.7707300000000001,17.78100799999998,3,200,one_hop
200,final-20260820T022802Z,bf5c21d0bce4043d0c453d41497d7c375e685b28ee254714521e4a9c2879b162,memgraph,0.0,0,29.8163,1.738102,0.6563,1.141,1.9505450000000004,23.40712899999995,1,200,two_hop
200,final-20260820T022802Z,bf5c21d0bce4043d0c453d41497d7c375e685b28ee254714521e4a9c2879b162,memgraph,0.0,0,34.8202,1.6387045,0.6151,1.0758,1.94144,18.20330099999992,2,200,two_hop
200,final-20260820T022802Z,bf5c21d0bce4043d0c453d41497d7c375e685b28ee254714521e4a9c2879b162,memgraph,0.0,0,14.0627,1.5746825000000002,0.6914,1.36075,2.32523,6.004590999999977,3,200,two_hop
200,final-20260820T022802Z,bf5c21d0bce4043d0c453d41497d7c375e685b28ee254714521e4a9c2879b162,memgraph,0.0,0,133.5493,4.996757,0.9735,1.81935,14.681930000000015,49.41620699999933,1,200,three_hop
200,final-20260820T022802Z,bf5c21d0bce4043d0c453d41497d7c375e685b28ee254714521e4a9c2879b162,memgraph,0.0,0,160.0062,4.6777675,0.957,1.861,11.917240000000032,33.47877599999903,2,200,three_hop
200,final-20260820T022802Z,bf5c21d0bce4043d0c453d41497d7c375e685b28ee254714521e4a9c2879b162,memgraph,0.0,0,179.3757,4.8779065,0.8149,1.69865,13.747900000000012,40.37959799999886,3,200,three_hop
200,final-20260820T022802Z,bf5c21d0bce4043d0c453d41497d7c375e685b28ee254714521e4a9c2879b162,memgraph,0.0,0,28.4076,4.041144,2.599,3.6763000000000003,5.636540000000002,6.1486469999999995,1,200,aggregation
200,final-20260820T022802Z,bf5c21d0bce4043d0c453d41497d7c375e685b28ee254714521e4a9c2879b162,memgraph,0.0,0,10.5505,3.7714145,2.4785,3.58665,4.9816350000000025,6.039442999999996,2,200,aggregation
200,final-20260820T022802Z,bf5c21d0bce4043d0c453d41497d7c375e685b28ee254714521e4a9c2879b162,memgraph,0.0,0,19.9294,3.9433629999999997,2.5806,3.6341,5.2448950000000005,5.998203999999971,3,200,aggregation
200,final-20260820T022802Z,bf5c21d0bce4043d0c453d41497d7c375e685b28ee254714521e4a9c2879b162,falkordb,0.0,0,2.5831,0.7744074999999999,0.5783,0.72865,0.9881099999999999,1.8382509999999985,1,200,point_lookup
200,final-20260820T022802Z,bf5c21d0bce4043d0c453d41497d7c375e685b28ee254714521e4a9c2879b162,falkordb,0.0,0,2.3356,0.842125,0.6406,0.7957000000000001,1.10832,1.3465789999999997,2,200,point_lookup
200,final-20260820T022802Z,bf5c21d0bce4043d0c453d41497d7c375e685b28ee254714521e4a9c2879b162,falkordb,0.0,0,1.261,0.7666974999999999,0.5716,0.74455,0.9552650000000003,1.2136149999999999,3,200,point_lookup
200,final-20260820T022802Z,bf5c21d0bce4043d0c453d41497d7c375e685b28ee254714521e4a9c2879b162,falkordb,0.0,0,1.976,0.8687275,0.6226,0.8212999999999999,1.19544,1.5265659999999994,1,200,filtered_lookup
200,final-20260820T022802Z,bf5c21d0bce4043d0c453d41497d7c375e685b28ee254714521e4a9c2879b162,falkordb,0.0,0,1.5348,0.8965425,0.6619,0.864,1.16354,1.330236,2,200,filtered_lookup
200,final-20260820T022802Z,bf5c21d0bce4043d0c453d41497d7c375e685b28ee254714521e4a9c2879b162,falkordb,0.0,0,1.8774,0.8388255,0.6533,0.81745,1.0540000000000003,1.4463109999999997,3,200,filtered_lookup
200,final-20260820T022802Z,bf5c21d0bce4043d0c453d41497d7c375e685b28ee254714521e4a9c2879b162,falkordb,0.0,0,1.8255,0.8513339999999999,0.6675,0.8284,1.047005,1.1410649999999998,1,200,one_hop
200,final-20260820T022802Z,bf5c21d0bce4043d0c453d41497d7c375e685b28ee254714521e4a9c2879b162,falkordb,0.0,0,1.5436,0.865548,0.6426,0.82575,1.1531400000000003,1.2690619999999997,2,200,one_hop
200,final-20260820T022802Z,bf5c21d0bce4043d0c453d41497d7c375e685b28ee254714521e4a9c2879b162,falkordb,0.0,0,1.9895,0.8254195,0.5708,0.7967,1.0358150000000002,1.224724,3,200,one_hop
200,final-20260820T022802Z,bf5c21d0bce4043d0c453d41497d7c375e685b28ee254714521e4a9c2879b162,falkordb,0.0,0,7.7935,1.090113,0.6016,0.93025,1.7566400000000022,3.8064019999999643,1,200,two_hop
200,final-20260820T022802Z,bf5c21d0bce4043d0c453d41497d7c375e685b28ee254714521e4a9c2879b162,falkordb,0.0,0,7.8593,1.124009,0.6314,0.94715,2.009860000000001,3.697414999999964,2,200,two_hop
200,final-20260820T022802Z,bf5c21d0bce4043d0c453d41497d7c375e685b28ee254714521e4a9c2879b162,falkordb,0.0,0,7.9879,1.1069275,0.6363,0.9188000000000001,2.007850000000001,3.6668839999999627,3,200,two_hop
200,final-20260820T022802Z,bf5c21d0bce4043d0c453d41497d7c375e685b28ee254714521e4a9c2879b162,falkordb,0.0,0,701.1519,17.945462,0.7781,2.1075,59.800705,268.1463139999961,1,200,three_hop
200,final-20260820T022802Z,bf5c21d0bce4043d0c453d41497d7c375e685b28ee254714521e4a9c2879b162,falkordb,0.0,0,735.6621,18.15467,0.799,1.9971,72.45966500000013,228.43008199999565,2,200,three_hop
200,final-20260820T022802Z,bf5c21d0bce4043d0c453d41497d7c375e685b28ee254714521e4a9c2879b162,falkordb,0.0,0,753.5013,18.180105,0.7934,2.0613,67.66746500000013,217.9769299999951,3,200,three_hop
200,final-20260820T022802Z,bf5c21d0bce4043d0c453d41497d7c375e685b28ee254714521e4a9c2879b162,falkordb,0.0,0,2.4507,1.6143960000000002,1.2701,1.57065,1.947845,2.1333949999999993,1,200,aggregation
200,final-20260820T022802Z,bf5c21d0bce4043d0c453d41497d7c375e685b28ee254714521e4a9c2879b162,falkordb,0.0,0,2.5017,1.6218025,1.2278,1.58075,2.001915,2.209854999999999,2,200,aggregation
200,final-20260820T022802Z,bf5c21d0bce4043d0c453d41497d7c375e685b28ee254714521e4a9c2879b162,falkordb,0.0,0,2.538,1.62227,1.2625,1.56925,2.07728,2.3108359999999997,3,200,aggregation
200,final-20260820T022802Z,bf5c21d0bce4043d0c453d41497d7c375e685b28ee254714521e4a9c2879b162,neo4j,0.0,0,66.5794,2.525008,1.2417,1.5975000000000001,2.564330000000001,27.709579999999765,1,200,point_lookup
200,final-20260820T022802Z,bf5c21d0bce4043d0c453d41497d7c375e685b28ee254714521e4a9c2879b162,neo4j,0.0,0,67.757,2.7546769999999996,1.1929,1.5717500000000002,2.73055,42.72832099999998,2,200,point_lookup
200,final-20260820T022802Z,bf5c21d0bce4043d0c453d41497d7c375e685b28ee254714521e4a9c2879b162,neo4j,0.0,0,95.9399,3.4695305000000003,1.1822,1.48335,3.2226800000000018,70.79259599999989,3,200,point_lookup
200,final-20260820T022802Z,bf5c21d0bce4043d0c453d41497d7c375e685b28ee254714521e4a9c2879b162,neo4j,0.0,0,73.4224,3.176619,1.1388,1.5318999999999998,3.333575,58.954534999999986,1,200,filtered_lookup
200,final-20260820T022802Z,bf5c21d0bce4043d0c453d41497d7c375e685b28ee254714521e4a9c2879b162,neo4j,0.0,0,3.3632,1.523868,1.1224,1.4222,2.157035,2.8248729999999984,2,200,filtered_lookup
200,final-20260820T022802Z,bf5c21d0bce4043d0c453d41497d7c375e685b28ee254714521e4a9c2879b162,neo4j,0.0,0,48.8751,2.109224,1.1044,1.5568499999999998,2.4585600000000003,25.045170999999968,3,200,filtered_lookup
200,final-20260820T022802Z,bf5c21d0bce4043d0c453d41497d7c375e685b28ee254714521e4a9c2879b162,neo4j,0.0,0,610.4017,5.9497255,1.1761,1.57975,2.56195,18.19133199999807,1,200,one_hop
200,final-20260820T022802Z,bf5c21d0bce4043d0c453d41497d7c375e685b28ee254714521e4a9c2879b162,neo4j,0.0,0,15.8597,1.822018,1.0909,1.6199,2.52975,5.382741999999927,2,200,one_hop
200,final-20260820T022802Z,bf5c21d0bce4043d0c453d41497d7c375e685b28ee254714521e4a9c2879b162,neo4j,0.0,0,75.1143,4.727222,1.3972,2.3852,4.648090000000017,66.67789899999998,3,200,one_hop
200,final-20260820T022802Z,bf5c21d0bce4043d0c453d41497d7c375e685b28ee254714521e4a9c2879b162,neo4j,0.0,0,200.0494,3.2840825000000002,1.0866,1.6012,2.996305,45.427073999999976,1,200,two_hop
200,final-20260820T022802Z,bf5c21d0bce4043d0c453d41497d7c375e685b28ee254714521e4a9c2879b162,neo4j,0.0,0,92.9632,8.9809745,1.3187,1.98665,81.69133000000001,90.28120199999998,2,200,two_hop
200,final-20260820T022802Z,bf5c21d0bce4043d0c453d41497d7c375e685b28ee254714521e4a9c2879b162,neo4j,0.0,0,100.7106,4.039657500000001,1.2077,1.78925,3.616190000000009,62.971539999999905,3,200,two_hop
200,final-20260820T022802Z,bf5c21d0bce4043d0c453d41497d7c375e685b28ee254714521e4a9c2879b162,neo4j,0.0,0,1694.0571,53.782429,1.2794,2.97705,241.73272000000046,696.5669419999925,1,200,three_hop
200,final-20260820T022802Z,bf5c21d0bce4043d0c453d41497d7c375e685b28ee254714521e4a9c2879b162,neo4j,0.0,0,2085.2776,60.810010000000005,1.203,2.8181000000000003,201.30345000000088,611.6932109999909,2,200,three_hop
200,final-20260820T022802Z,bf5c21d0bce4043d0c453d41497d7c375e685b28ee254714521e4a9c2879b162,neo4j,0.0,0,1495.7143,48.567325000000004,1.0889,2.4567,275.44378500000016,788.3225829999972,3,200,three_hop
200,final-20260820T022802Z,bf5c21d0bce4043d0c453d41497d7c375e685b28ee254714521e4a9c2879b162,neo4j,0.0,0,166.1583,8.804814499999999,2.54,3.0852,56.558375000000034,91.00659199999996,1,200,aggregation
200,final-20260820T022802Z,bf5c21d0bce4043d0c453d41497d7c375e685b28ee254714521e4a9c2879b162,neo4j,0.0,0,93.1119,6.176785499999999,2.4281,2.81285,14.866050000000111,92.626147,2,200,aggregation
200,final-20260820T022802Z,bf5c21d0bce4043d0c453d41497d7c375e685b28ee254714521e4a9c2879b162,neo4j,0.0,0,92.6593,6.5434019999999995,2.3975,2.8333500000000003,14.481825000000043,89.722619,3,200,aggregation
200,final-20260820T022802Z,bf5c21d0bce4043d0c453d41497d7c375e685b28ee254714521e4a9c2879b162,arangodb,0.0,0,2.5983,1.4075805,1.2216,1.37955,1.6137250000000003,1.7998529999999981,1,200,point_lookup
200,final-20260820T022802Z,bf5c21d0bce4043d0c453d41497d7c375e685b28ee254714521e4a9c2879b162,arangodb,0.0,0,2.6102,1.399674,1.2188,1.3729,1.582125,1.8001969999999967,2,200,point_lookup
200,final-20260820T022802Z,bf5c21d0bce4043d0c453d41497d7c375e685b28ee254714521e4a9c2879b162,arangodb,0.0,0,1.9896,1.3953215,1.2028,1.37815,1.5854600000000003,1.7914079999999994,3,200,point_lookup
200,final-20260820T022802Z,bf5c21d0bce4043d0c453d41497d7c375e685b28ee254714521e4a9c2879b162,arangodb,0.0,0,1.8134,1.433681,1.2824,1.4198499999999998,1.595605,1.7491049999999995,1,200,filtered_lookup
200,final-20260820T022802Z,bf5c21d0bce4043d0c453d41497d7c375e685b28ee254714521e4a9c2879b162,arangodb,0.0,0,1.7742,1.4341374999999998,1.2611,1.4171,1.5952150000000003,1.745719,2,200,filtered_lookup
200,final-20260820T022802Z,bf5c21d0bce4043d0c453d41497d7c375e685b28ee254714521e4a9c2879b162,arangodb,0.0,0,1.7924,1.4258760000000001,1.2819,1.4041,1.60285,1.7219579999999999,3,200,filtered_lookup
200,final-20260820T022802Z,bf5c21d0bce4043d0c453d41497d7c375e685b28ee254714521e4a9c2879b162,arangodb,0.0,0,3.5221,1.6366885,1.415,1.5928,1.8917300000000004,2.119547,1,200,one_hop
200,final-20260820T022802Z,bf5c21d0bce4043d0c453d41497d7c375e685b28ee254714521e4a9c2879b162,arangodb,0.0,0,3.0971,1.6071025,1.4153,1.5697999999999999,1.807595,2.111186999999993,2,200,one_hop
200,final-20260820T022802Z,bf5c21d0bce4043d0c453d41497d7c375e685b28ee254714521e4a9c2879b162,arangodb,0.0,0,1.9757,1.6090655,1.4276,1.59365,1.834805,1.9004379999999994,3,200,one_hop
200,final-20260820T022802Z,bf5c21d0bce4043d0c453d41497d7c375e685b28ee254714521e4a9c2879b162,arangodb,0.0,0,8.2702,1.8790215000000001,1.4567,1.70105,2.4714100000000014,6.565616999999994,1,200,two_hop
200,final-20260820T022802Z,bf5c21d0bce4043d0c453d41497d7c375e685b28ee254714521e4a9c2879b162,arangodb,0.0,0,7.6525,1.8547675000000001,1.431,1.7025000000000001,2.6491000000000007,3.8716499999999687,2,200,two_hop
200,final-20260820T022802Z,bf5c21d0bce4043d0c453d41497d7c375e685b28ee254714521e4a9c2879b162,arangodb,0.0,0,7.4257,1.8259960000000002,1.4609,1.6551,2.5679200000000004,4.259662999999974,3,200,two_hop
200,final-20260820T022802Z,bf5c21d0bce4043d0c453d41497d7c375e685b28ee254714521e4a9c2879b162,arangodb,0.0,0,589.8654,15.653846000000001,1.5502,2.7718499999999997,56.11610500000008,192.75294499999674,1,200,three_hop
200,final-20260820T022802Z,bf5c21d0bce4043d0c453d41497d7c375e685b28ee254714521e4a9c2879b162,arangodb,0.0,0,535.298,14.829254,1.5209,2.6515500000000003,41.26543000000015,203.7494499999972,2,200,three_hop
200,final-20260820T022802Z,bf5c21d0bce4043d0c453d41497d7c375e685b28ee254714521e4a9c2879b162,arangodb,0.0,0,517.8942,15.120563500000001,1.6206,2.76595,46.271255000000004,190.93702399999702,3,200,three_hop
200,final-20260820T022802Z,bf5c21d0bce4043d0c453d41497d7c375e685b28ee254714521e4a9c2879b162,arangodb,0.0,0,21.4067,3.063821,2.3513,2.6413,3.048105,15.123795999999988,1,200,aggregation
200,final-20260820T022802Z,bf5c21d0bce4043d0c453d41497d7c375e685b28ee254714521e4a9c2879b162,arangodb,0.0,0,17.7179,3.0816155,2.3292,2.63115,3.166845,14.967180999999979,2,200,aggregation
200,final-20260820T022802Z,bf5c21d0bce4043d0c453d41497d7c375e685b28ee254714521e4a9c2879b162,arangodb,0.0,0,16.7673,3.0952255,2.3803,2.6355500000000003,3.2121600000000035,16.319385999999998,3,200,aggregation
